####
#
# OBJ File Generated by Meshlab
#
####
# Object Foot_v4_2.obj
#
# Vertices: 816
# Faces: 1640
#
####
mtllib ./right_foot.mtl

vn 0.9944167 4.5050774 -0.0000017
v 134.3577881 91.9882736 0.0000000
vn 1.0554241 4.4182272 0.8061490
v 134.2023163 92.2095871 -2.0543759
vn 1.2342951 4.1636209 1.5573555
v 133.7464905 92.8584366 -3.9687500
vn 1.5188313 3.7585893 2.2024331
v 133.0213776 93.8906097 -5.6126599
vn 1.8896439 3.2307475 2.6974218
v 132.0763855 95.2357635 -6.8740768
vn 2.3214691 2.6160522 3.0085843
v 130.9759216 96.8022308 -7.6670361
vn 2.7848802 1.9564060 3.1147201
v 129.7949829 98.4832535 -7.9375000
vn 3.2482870 1.2967634 3.0085843
v 128.6140442 100.1642838 -7.6670361
vn 3.6801138 0.6820750 2.6974125
v 127.5135880 101.7307510 -6.8740768
vn 4.0509300 0.1542308 2.2024336
v 126.5686035 103.0759048 -5.6126599
vn 4.3354664 -0.2507975 1.5573580
v 125.8434906 104.1080780 -3.9687500
vn 4.5143290 -0.5054116 0.8061535
v 125.3876648 104.7569275 -2.0543759
vn 4.5753484 -0.5922521 0.0000020
v 125.2321854 104.9782410 0.0000000
vn 4.5143275 -0.5054108 -0.8061563
v 125.3876648 104.7569275 2.0543759
vn 4.3354683 -0.2507969 -1.5573565
v 125.8434906 104.1080780 3.9687500
vn 4.0509300 0.1542306 -2.2024338
v 126.5686035 103.0759048 5.6126599
vn 3.6801140 0.6820749 -2.6974130
v 127.5135880 101.7307510 6.8740768
vn 3.2482872 1.2967627 -3.0085719
v 128.6140442 100.1642838 7.6670361
vn 2.7848771 1.9564089 -3.1147149
v 129.7949829 98.4832535 7.9375000
vn 2.3214695 2.6160536 -3.0085766
v 130.9759216 96.8022308 7.6670361
vn 1.8896515 3.2307436 -2.6974113
v 132.0763855 95.2357635 6.8740768
vn 1.5188335 3.7585864 -2.2024245
v 133.0213776 93.8906097 5.6126599
vn 1.2342925 4.1636181 -1.5573574
v 133.7464905 92.8584366 3.9687500
vn 1.0554240 4.4182281 -0.8061460
v 134.2023163 92.2095871 2.0543759
vn -4.5753360 0.5922655 -0.0000017
v 131.9029846 90.2637558 0.0000000
vn -4.5143352 0.5054097 -0.8061430
v 131.7475128 90.4850616 2.0543759
vn -4.3354592 0.2508056 -1.5573601
v 131.2916870 91.1339188 3.9687500
vn -4.0509233 -0.1542253 -2.2024505
v 130.5665741 92.1660919 5.6126599
vn -3.6801052 -0.6820776 -2.6973848
v 129.6215820 93.5112457 6.8740768
vn -3.2482839 -1.2967620 -3.0085843
v 128.5211334 95.0777130 7.6670361
vn -2.7848666 -1.9564242 -3.1146662
v 127.3401871 96.7587357 7.9375000
vn -2.3214712 -2.6160498 -3.0085795
v 126.1592484 98.4397583 7.6670361
vn -1.8896453 -3.2307382 -2.6974280
v 125.0587921 100.0062256 6.8740768
vn -1.5188248 -3.7585845 -2.2024369
v 124.1138077 101.3513794 5.6126599
vn -1.2342887 -4.1636109 -1.5573614
v 123.3886948 102.3835526 3.9687500
vn -1.0554180 -4.4182396 -0.8061468
v 122.9328690 103.0324097 2.0543759
vn -0.9944121 -4.5050693 0.0000018
v 122.7773895 103.2537155 0.0000000
vn -1.0554175 -4.4182405 0.8061435
v 122.9328690 103.0324097 -2.0543759
vn -1.2342877 -4.1636095 1.5573629
v 123.3886948 102.3835526 -3.9687500
vn -1.5188248 -3.7585845 2.2024367
v 124.1138077 101.3513794 -5.6126599
vn -1.8896453 -3.2307382 2.6974280
v 125.0587921 100.0062256 -6.8740768
vn -2.3214712 -2.6160498 3.0085797
v 126.1592484 98.4397583 -7.6670361
vn -2.7848754 -1.9564123 3.1147149
v 127.3401871 96.7587357 -7.9375000
vn -3.2482867 -1.2967620 3.0085933
v 128.5211334 95.0777130 -7.6670361
vn -3.6801071 -0.6820721 2.6974165
v 129.6215820 93.5112457 -6.8740768
vn -4.0509233 -0.1542287 2.2024415
v 130.5665741 92.1660919 -5.6126599
vn -4.3354597 0.2508066 1.5573584
v 131.2916870 91.1339188 -3.9687500
vn -4.5143342 0.5054098 0.8061463
v 131.7475128 90.4850616 -2.0543759
vn 0.9944043 4.5050688 0.0000009
v 159.9094391 55.6163788 0.0000000
vn 1.0554183 4.4182253 0.8061455
v 159.7539673 55.8376884 -2.0543759
vn 1.2342844 4.1636171 1.5573587
v 159.2981415 56.4865379 -3.9687500
vn 1.5188268 3.7585766 2.2024407
v 158.5730286 57.5187149 -5.6126599
vn 1.8896523 3.2307367 2.6974170
v 157.6280518 58.8638687 -6.8740768
vn 2.3214693 2.6160555 3.0085869
v 156.5275879 60.4303322 -7.6670361
vn 2.7848778 1.9564080 3.1147144
v 155.3466492 62.1113586 -7.9375000
vn 3.2482810 1.2967672 3.0085847
v 154.1657104 63.7923813 -7.6670361
vn 3.6801176 0.6820700 2.6974254
v 153.0652466 65.3588486 -6.8740768
vn 4.0509248 0.1542216 2.2024317
v 152.1202698 66.7040024 -5.6126599
vn 4.3354597 -0.2508066 1.5573584
v 151.3951569 67.7361755 -3.9687500
vn 4.5143342 -0.5054098 0.8061458
v 150.9393311 68.3850327 -2.0543759
vn 4.5753355 -0.5922655 -0.0000017
v 150.7838593 68.6063385 0.0000000
vn 4.5143352 -0.5054098 -0.8061427
v 150.9393311 68.3850327 2.0543759
vn 4.3354592 -0.2508059 -1.5573602
v 151.3951569 67.7361755 3.9687500
vn 4.0509224 0.1542270 -2.2024198
v 152.1202698 66.7040024 5.6126599
vn 3.6801171 0.6820734 -2.6974304
v 153.0652466 65.3588486 6.8740768
vn 3.2482834 1.2967669 -3.0085855
v 154.1657104 63.7923813 7.6670361
vn 2.7848780 1.9564086 -3.1147134
v 155.3466492 62.1113586 7.9375000
vn 2.3214700 2.6160545 -3.0085852
v 156.5275879 60.4303322 7.6670361
vn 1.8896499 3.2307372 -2.6974187
v 157.6280518 58.8638687 6.8740768
vn 1.5188245 3.7585769 -2.2024419
v 158.5730286 57.5187149 5.6126599
vn 1.2342865 4.1636152 -1.5573593
v 159.2981415 56.4865379 3.9687500
vn 1.0554171 4.4182253 -0.8061463
v 159.7539673 55.8376884 2.0543759
vn -4.5753489 0.5922521 0.0000012
v 157.4546509 53.8918533 0.0000000
vn -4.5143433 0.5054187 -0.8061451
v 157.2991791 54.1131668 2.0543759
vn -4.3354769 0.2507907 -1.5573572
v 156.8433533 54.7620163 3.9687500
vn -4.0509310 -0.1542335 -2.2024381
v 156.1182404 55.7941895 5.6126599
vn -3.6801031 -0.6820802 -2.6974287
v 155.1732483 57.1393471 6.8740768
vn -3.2482810 -1.2967669 -3.0085828
v 154.0727844 58.7058105 7.6670361
vn -2.7848790 -1.9564068 -3.1147141
v 152.8918457 60.3868370 7.9375000
vn -2.3214736 -2.6160507 -3.0085835
v 151.7109070 62.0678635 7.6670361
vn -1.8896390 -3.2307394 -2.6974516
v 150.6104584 63.6343269 6.8740768
vn -1.5188342 -3.7585869 -2.2024298
v 149.6654663 64.9794846 5.6126599
vn -1.2342925 -4.1636181 -1.5573574
v 148.9403534 66.0116577 3.9687500
vn -1.0554240 -4.4182281 -0.8061463
v 148.4845276 66.6605072 2.0543759
vn -0.9944167 -4.5050774 -0.0000016
v 148.3290558 66.8818207 0.0000000
vn -1.0554240 -4.4182277 0.8061493
v 148.4845276 66.6605072 -2.0543759
vn -1.2342951 -4.1636209 1.5573555
v 148.9403534 66.0116577 -3.9687500
vn -1.5188301 -3.7585883 2.2024343
v 149.6654663 64.9794846 -5.6126599
vn -1.8896416 -3.2307377 2.6974294
v 150.6104584 63.6343269 -6.8740768
vn -2.3214774 -2.6160476 3.0085812
v 151.7109070 62.0678635 -7.6670361
vn -2.7848787 -1.9564072 3.1147161
v 152.8918457 60.3868370 -7.9375000
vn -3.2482798 -1.2967691 3.0085819
v 154.0727844 58.7058105 -7.6670361
vn -3.6801050 -0.6820813 2.6974244
v 155.1732483 57.1393471 -6.8740768
vn -4.0509315 -0.1542354 2.2024395
v 156.1182404 55.7941895 -5.6126599
vn -4.3354692 0.2507942 1.5573570
v 156.8433533 54.7620163 -3.9687500
vn -4.5143456 0.5054207 0.8061448
v 157.2991791 54.1131668 -2.0543759
vn -2.2903409 -1.0545043 2.6599002
v -31.7500000 51.9917755 70.2011566
vn -0.8030659 -0.1596103 5.6496353
v -31.7500000 48.4611740 66.5435562
vn 0.8030659 -0.1596109 5.6496358
v 31.7500000 48.4611740 66.5435562
vn 2.2903409 -1.0545039 2.6598995
v 31.7500000 51.9917755 70.2011566
vn 2.0970504 1.5714284 1.8862269
v 31.7500000 121.2095642 66.8631210
vn 0.6404647 3.2107129 2.9409895
v 16.2170773 126.1618652 66.6242981
vn -0.0000000 3.2767677 2.9381025
v -0.0000000 127.8361740 66.5435562
vn -0.6404647 3.2107129 2.9409895
v -16.2170773 126.1618652 66.6242981
vn -2.0970507 1.5714284 1.8862270
v -31.7500000 121.2095642 66.8631210
vn -1.6189828 -1.3438069 4.7069187
v 25.3999996 115.4917755 67.1388626
vn -1.5226086 1.7977881 4.7069187
v 25.3999996 112.3167725 67.2919769
vn 1.5226086 1.7977879 4.7069187
v -25.3999996 112.3167725 67.2919769
vn 1.6189828 -1.3438072 4.7069178
v -25.3999996 115.4917755 67.1388626
vn -1.6189821 -1.3438025 4.7069187
v 25.3999996 121.2067719 66.8632584
vn -1.5226066 1.7977852 4.7069182
v 25.3999996 118.0317764 67.0163727
vn 1.5226066 1.7977853 4.7069192
v -25.3999996 118.0317764 67.0163727
vn 1.6189821 -1.3438023 4.7069187
v -25.3999996 121.2067719 66.8632584
vn -1.7424337 0.0837954 1.8562176
v -143.6963806 50.9143677 69.0849915
vn -0.8610058 1.2692955 5.7582407
v -144.7418976 48.4611740 66.5435562
vn 1.1146865 0.2352757 5.5648136
v -90.8177032 48.4611740 66.5435562
vn 2.0169604 -0.7419228 2.7577617
v -90.8059387 50.9143677 69.0849915
vn 3.5611098 4.2652493 1.0641580
v 31.7500000 121.2095642 66.5435562
vn 1.5707963 1.5707964 1.5707964
v -25.3999996 118.0317764 62.9875565
vn 1.5707964 -1.5707964 1.5707960
v -25.3999996 121.2067719 62.9875565
vn -1.5707963 1.5707964 1.5707960
v 25.3999996 118.0317764 62.9875565
vn -1.5707964 -1.5707961 1.5707964
v 25.3999996 121.2067719 62.9875565
vn 1.5707964 1.5707965 1.5707964
v -25.3999996 112.3167725 62.9875565
vn 1.5707964 -1.5707964 1.5707959
v -25.3999996 115.4917755 62.9875565
vn -1.5707964 1.5707964 1.5707959
v 25.3999996 112.3167725 62.9875565
vn -1.5707964 -1.5707966 1.5707964
v 25.3999996 115.4917755 62.9875565
vn 3.1051178 0.5206835 2.9827564
v -89.7599945 62.3889694 62.0194206
vn 3.0079517 0.0903447 3.1269848
v -86.6088486 76.0276413 57.5891991
vn 1.4686110 2.5319018 4.5140052
v -81.4296570 89.0940704 53.3448601
vn 1.4684149 1.3365465 0.8357285
v -81.4296570 90.0749435 56.3645439
vn 2.9946783 0.1349525 3.4074450
v -86.4608231 77.4786835 60.4561615
vn 3.0920238 0.5284100 3.2854245
v -89.6065140 64.3405075 64.7238083
vn -3.5611136 4.2652478 1.0641580
v -31.7500000 121.2095642 66.5435562
vn -1.7796896 2.5720479 2.9567904
v -45.1278687 113.7594604 66.5435562
vn -2.2407460 2.1820226 2.9552593
v -56.8262825 103.8792572 66.5435562
vn -2.6185174 1.7101797 2.9533007
v -66.4098892 91.9366531 66.5435562
vn -2.8987794 1.1734692 2.9507372
v -73.5220261 78.3760910 66.5435562
vn -3.0705323 0.5910869 2.9476643
v -77.8980179 63.7022324 66.5435562
vn -0.3112030 1.5148491 6.0433745
v -79.3750000 48.4611740 66.5435562
vn 0.3112029 1.5148492 6.0433745
v 79.3750000 48.4611740 66.5435562
vn 3.0705323 0.5910869 2.9476643
v 77.8980179 63.7022324 66.5435562
vn 2.8987794 1.1734691 2.9507372
v 73.5220261 78.3760910 66.5435562
vn 2.6185174 1.7101798 2.9533007
v 66.4098892 91.9366531 66.5435562
vn 2.2407460 2.1820226 2.9552591
v 56.8262825 103.8792572 66.5435562
vn 1.7796896 2.5720477 2.9567904
v 45.1278687 113.7594604 66.5435562
vn 0.1922836 3.9093399 1.9043072
v 82.5847626 145.9714355 34.8695030
vn -0.1922836 3.9093347 1.9043075
v -82.5847626 145.9714355 34.8695030
vn -0.7576197 3.7713766 1.8200948
v -83.3562393 145.8809357 34.8988991
vn -1.4698206 3.5100060 1.9049485
v -84.0814743 145.6148682 34.9853287
vn -2.0939317 3.0919359 2.0407431
v -84.7170029 145.1891632 35.1236115
vn -2.4955287 2.7383935 2.2846322
v -85.2247162 144.6293488 35.3054543
vn -2.7072711 2.4387736 2.3848224
v -155.5935669 44.4617577 67.8426743
vn -2.9309282 1.9109396 2.4301450
v -155.9371490 43.8169022 68.0521469
vn -3.1004777 1.2193176 2.6547852
v -156.1097412 43.1128578 68.2808380
vn -3.0923319 0.5091755 2.8854549
v -156.1014404 42.3899727 68.5156479
vn -2.9069071 -0.1787446 3.1089170
v -155.9127197 41.6896820 68.7431259
vn -2.5549045 -0.8050733 3.3123596
v -155.5543976 41.0521202 68.9502258
vn -2.0564868 -1.3338711 3.4841390
v -155.0470123 40.5138321 69.1250763
vn -1.4401815 -1.7348493 3.6143732
v -154.4196472 40.1056633 69.2576599
vn -0.7413129 -1.9849343 3.6956210
v -153.7082520 39.8510170 69.3403778
vn -0.1880265 -2.0436888 3.8408670
v -152.9536133 39.7644806 69.3684845
vn 0.1880275 -2.0436833 3.8408623
v 152.9536133 39.7644806 69.3684845
vn 0.7413108 -1.9849348 3.6956215
v 153.7082520 39.8510170 69.3403778
vn 1.4401834 -1.7348485 3.6143732
v 154.4196472 40.1056633 69.2576599
vn 2.0564847 -1.3338726 3.4841406
v 155.0470123 40.5138321 69.1250763
vn 2.5549068 -0.8050700 3.3123581
v 155.5543976 41.0521202 68.9502258
vn 2.9069057 -0.1787479 3.1089163
v 155.9127197 41.6896820 68.7431259
vn 3.0923324 0.5091764 2.8854554
v 156.1014404 42.3899727 68.5156479
vn 3.1004772 1.2193178 2.6547847
v 156.1097412 43.1128578 68.2808380
vn 2.9309289 1.9109384 2.4301460
v 155.9371490 43.8169022 68.0521469
vn 2.7072709 2.4387743 2.3848152
v 155.5935669 44.4617577 67.8426743
vn 2.4955330 2.7383971 2.2846279
v 85.2247162 144.6293488 35.3054543
vn 2.0939324 3.0919356 2.0407441
v 84.7170029 145.1891632 35.1236115
vn 1.4698093 3.5100069 1.9049358
v 84.0814743 145.6148682 34.9853287
vn 0.7576303 3.7713685 1.8200843
v 83.3562393 145.8809357 34.8988991
vn -1.3256030 0.9383240 5.2453690
v -87.0076981 131.8528290 39.4556236
vn -1.3255998 3.5763488 3.1976597
v -80.0481033 142.2646942 36.0735588
vn 1.3256000 3.5763488 3.1976590
v 80.0481033 142.2646942 36.0735588
vn 1.3256028 0.9383247 5.2453690
v 87.0076981 131.8528290 39.4556236
vn -1.3017191 3.6024370 3.1600292
v -115.8874969 89.0940704 53.3448601
vn 1.3017197 3.6024365 3.1600292
v 115.8874969 89.0940704 53.3448601
vn 1.3017198 0.9815505 5.2604985
v 144.7418976 48.4611740 66.5435562
vn -1.5667140 -0.1680193 4.9335332
v 90.8177032 48.4611740 66.5435562
vn -3.1009071 0.4977473 2.9898751
v 89.7599945 62.3889694 62.0194206
vn -3.0040135 0.0783765 3.1260958
v 86.6088486 76.0276413 57.5891991
vn -1.4698210 2.5341740 4.5106483
v 81.4296570 89.0940704 53.3448601
vn -3.0439444 1.6960814 3.1634159
v -77.8498306 63.9464684 61.5135002
vn -2.8472552 2.2686374 3.1627390
v -73.3329391 78.8366699 56.6767464
vn -2.5455074 2.7902017 3.1636643
v -65.9979019 92.5595627 52.2191696
vn -2.1517258 3.2419045 3.1656470
v -56.1266022 104.5877762 48.3120728
vn -1.6818829 3.6084075 3.1679862
v -44.0983887 114.4590759 45.1055984
vn -1.1504123 3.8791184 3.1741242
v -30.3754978 121.7941132 42.7229729
vn -0.5832045 4.0428734 3.1811047
v -15.4852943 126.3110046 41.2557602
vn -0.0000000 4.0974293 3.1841969
v -0.0000000 127.8361740 40.7603416
vn 0.5832044 4.0428729 3.1811047
v 15.4852943 126.3110046 41.2557602
vn 1.1504122 3.8791184 3.1741242
v 30.3754978 121.7941132 42.7229729
vn 1.6818829 3.6084075 3.1679862
v 44.0983887 114.4590759 45.1055984
vn 2.1517258 3.2419043 3.1656470
v 56.1266022 104.5877762 48.3120728
vn 2.5455074 2.7902019 3.1636646
v 65.9979019 92.5595627 52.2191696
vn 2.8472552 2.2686377 3.1627390
v 73.3329391 78.8366699 56.6767464
vn 3.0439444 1.6960814 3.1634159
v 77.8498306 63.9464684 61.5135002
vn 1.3017201 2.9989076 1.3020303
v 115.8874969 90.0749435 56.3645439
vn 1.3017188 -0.3560350 1.1426717
v 144.7418976 49.4420547 69.5632401
vn -1.5667157 -1.0940270 2.0827713
v 90.8177032 49.4420547 69.5632401
vn -3.1009068 0.5868469 3.2641718
v 89.7599945 63.3698463 65.0391083
vn -3.0040135 0.1674777 3.4003949
v 86.6088486 77.0085144 60.6088867
vn -1.4698226 1.3408663 0.8369877
v 81.4296570 90.0749435 56.3645439
vn -1.3017199 2.9989076 1.3020303
v -115.8874969 90.0749435 56.3645439
vn -1.3255978 -0.3821256 1.1803064
v -87.0076981 132.8336945 42.4753113
vn -1.3255990 2.9556799 1.2869043
v -80.0481033 143.2455750 39.0932426
vn 1.3255997 2.9556780 1.2869031
v 80.0481033 143.2455750 39.0932426
vn 1.3255970 -0.3821248 1.1803062
v 87.0076981 132.8336945 42.4753113
vn 0.1922863 3.9851568 2.1377451
v 82.5847626 145.6625061 33.9184227
vn -0.1922863 3.9851618 2.1377430
v -82.5847626 145.6625061 33.9184227
vn 2.4955316 2.8142183 2.5180564
v 85.2247162 144.3204041 34.3543701
vn 2.0939364 3.2435837 2.5076289
v 84.7170029 144.8802185 34.1725273
vn 1.4698299 3.6616380 2.3718221
v 84.0814743 145.3059235 34.0342484
vn 0.7576342 3.9229512 2.2869925
v 83.3562393 145.5720062 33.9478188
vn 2.7072549 2.5128930 2.6130831
v 155.5935669 44.1528206 66.8915939
vn 0.1880297 -1.9695544 4.0691032
v 152.9536133 39.4555435 68.4174042
vn 0.7413386 -1.8366808 4.1521068
v 153.7082520 39.5420761 68.3892899
vn 1.4401866 -1.5866081 4.0708804
v 154.4196472 39.7967262 68.3065796
vn 2.0564866 -1.1855614 3.9406016
v 155.0470123 40.2048912 68.1739883
vn 2.5549150 -0.6568170 3.7688451
v 155.5543976 40.7431831 67.9991379
vn 2.9069271 -0.0304955 3.5654149
v 155.9127197 41.3807411 67.7920456
vn 3.0923116 0.6574657 3.3419394
v 156.1014404 42.0810356 67.5645676
vn 3.1004865 1.3676088 3.1112635
v 156.1097412 42.8039207 67.3297577
vn 2.9309237 2.0592079 2.8866005
v 155.9371490 43.5079651 67.1010590
vn -0.1880286 -1.9695482 4.0691028
v -152.9536133 39.4555435 68.4174042
vn -2.7072496 2.5128899 2.6130934
v -155.5935669 44.1528206 66.8915939
vn -2.9309232 2.0592093 2.8866005
v -155.9371490 43.5079651 67.1010590
vn -3.1004868 1.3676083 3.1112633
v -156.1097412 42.8039207 67.3297577
vn -3.0923116 0.6574653 3.3419404
v -156.1014404 42.0810356 67.5645676
vn -2.9069285 -0.0304933 3.5654123
v -155.9127197 41.3807411 67.7920456
vn -2.5549123 -0.6568205 3.7688460
v -155.5543976 40.7431831 67.9991379
vn -2.0564890 -1.1855590 3.9406021
v -155.0470123 40.2048912 68.1739883
vn -1.4401850 -1.5866090 4.0708804
v -154.4196472 39.7967262 68.3065796
vn -0.7413405 -1.8366799 4.1521063
v -153.7082520 39.5420761 68.3892899
vn -2.4955316 2.8142171 2.5180602
v -85.2247162 144.3204041 34.3543701
vn -0.7576235 3.9229517 2.2869794
v -83.3562393 145.5720062 33.9478188
vn -1.4698411 3.6616299 2.3718128
v -84.0814743 145.3059235 34.0342484
vn -2.0939355 3.2435839 2.5076294
v -84.7170029 144.8802185 34.1725273
vn 2.4955308 -0.7972943 3.6911798
v -87.8646774 146.3069305 34.7605247
vn 2.7072527 -0.4976562 3.5909848
v -158.2335205 46.1393471 67.2977524
vn 2.7072465 -0.5717869 3.3627377
v -158.2335205 45.8304100 66.3466644
vn 2.4955394 -0.8731272 3.4577427
v -87.8646774 145.9980011 33.8094444
vn 2.9309330 0.0301569 3.5457044
v -158.9207001 44.8496399 67.7166824
vn 3.1004658 0.7218143 3.3210442
v -159.2658844 43.4415474 68.1740723
vn 3.0923109 1.4319417 3.0903609
v -159.2492676 41.9957771 68.6436996
vn 2.9069307 2.1198802 2.8669045
v -158.8718262 40.5951958 69.0986404
vn 2.5549209 2.7461855 2.6634490
v -158.1551819 39.3200760 69.5128403
vn 2.0564895 3.2749867 2.4917045
v -157.1404266 38.2434959 69.8625412
vn 1.4401802 3.6759639 2.3614399
v -155.8856812 37.4271622 70.1277084
vn 0.7413347 3.9261253 2.2801895
v -154.4629059 36.9178658 70.2931442
vn 0.1880284 3.9847989 2.1349738
v -152.9536133 36.7447929 70.3493652
vn 0.1880325 3.9106600 1.9067323
v -152.9536133 36.4358559 69.3982773
vn 0.7413403 3.7778394 1.8237039
v -154.4629059 36.6089287 69.3420639
vn 1.4401791 3.5276814 1.9049709
v -155.8856812 37.1182251 69.1766281
vn 2.0564883 3.1267061 2.0352020
v -157.1404266 37.9345589 68.9114609
vn 2.5549293 2.5979204 2.2069776
v -158.1551819 39.0111351 68.5617599
vn 2.9069190 1.9716015 2.4104221
v -158.8718262 40.2862587 68.1475601
vn 3.0923119 1.2836717 2.6338885
v -159.2492676 41.6868401 67.6926117
vn 3.1004655 0.5735224 2.8645463
v -159.2658844 43.1326103 67.2229843
vn 2.9309313 -0.1181111 3.0892277
v -158.9207001 44.5406990 66.7656021
vn -0.1880269 3.9848044 2.1349688
v 152.9536133 36.7447929 70.3493652
vn -0.1880310 3.9106548 1.9067380
v 152.9536133 36.4358559 69.3982773
vn -0.7413363 3.9261243 2.2801883
v 154.4629059 36.9178658 70.2931442
vn -1.4401802 3.6759639 2.3614399
v 155.8856812 37.4271622 70.1277084
vn -2.0564883 3.2749875 2.4917028
v 157.1404266 38.2434959 69.8625412
vn -2.5549228 2.7461829 2.6634493
v 158.1551819 39.3200760 69.5128403
vn -2.9069302 2.1198812 2.8669057
v 158.8718262 40.5951958 69.0986404
vn -3.0923111 1.4319423 3.0903611
v 159.2492676 41.9957771 68.6436996
vn -3.1004651 0.7218134 3.3210454
v 159.2658844 43.4415474 68.1740723
vn -2.9309342 0.0301588 3.5457029
v 158.9207001 44.8496399 67.7166824
vn -2.7072446 -0.4976523 3.5909853
v 158.2335205 46.1393471 67.2977524
vn -2.7072525 -0.5717912 3.3627446
v 158.2335205 45.8304100 66.3466644
vn -2.9309323 -0.1181085 3.0892277
v 158.9207001 44.5406990 66.7656021
vn -3.1004655 0.5735214 2.8645458
v 159.2658844 43.1326103 67.2229843
vn -3.0923119 1.2836720 2.6338880
v 159.2492676 41.6868401 67.6926117
vn -2.9069185 1.9716017 2.4104207
v 158.8718262 40.2862587 68.1475601
vn -2.5549307 2.5979185 2.2069788
v 158.1551819 39.0111351 68.5617599
vn -2.0564873 3.1267078 2.0352030
v 157.1404266 37.9345589 68.9114609
vn -1.4401789 3.5276811 1.9049710
v 155.8856812 37.1182251 69.1766281
vn -0.7413418 3.7778397 1.8237052
v 154.4629059 36.6089287 69.3420639
vn -2.4955397 -0.7972977 3.6911781
v 87.8646774 146.3069305 34.7605247
vn -2.4955337 -0.8731213 3.4577389
v 87.8646774 145.9980011 33.8094444
vn -2.0939360 -1.1508372 3.9350452
v 86.8492432 147.4265594 34.3968391
vn -1.4698330 -1.5688965 4.0708404
v 85.5781937 148.2779694 34.1202774
vn -0.7576264 -1.8301690 4.1557646
v 84.1277237 148.8101349 33.9474182
vn -0.1922838 -1.9681984 4.0715556
v 82.5847626 148.9911346 33.8886261
vn -0.1922870 -2.0440285 3.8381212
v 82.5847626 148.6821899 32.9375420
vn -0.7576283 -1.9818321 3.6888785
v 84.1277237 148.5011902 32.9963379
vn -1.4698241 -1.7205441 3.6039643
v 85.5781937 147.9690399 33.1691933
vn -2.0939331 -1.3024840 3.4681730
v 86.8492432 147.1176300 33.4457550
vn 0.1922846 -1.9682033 4.0715561
v -82.5847626 148.9911346 33.8886261
vn 0.1922877 -2.0440235 3.8381193
v -82.5847626 148.6821899 32.9375420
vn 0.7576169 -1.8301749 4.1557584
v -84.1277237 148.8101349 33.9474182
vn 1.4698417 -1.5688958 4.0708308
v -85.5781937 148.2779694 34.1202774
vn 2.0939364 -1.1508366 3.9350457
v -86.8492432 147.4265594 34.3968391
vn 2.0939333 -1.3024838 3.4681726
v -86.8492432 147.1176300 33.4457550
vn 1.4698329 -1.7205386 3.6039715
v -85.5781937 147.9690399 33.1691933
vn 0.7576187 -1.9818327 3.6888869
v -84.1277237 148.5011902 32.9963379
vn -1.4979049 3.2903428 2.0541694
v -89.6874008 155.5749969 31.7500000
vn -2.4086316 0.4888309 2.2696133
v -177.8000031 30.1497993 72.4916000
vn 2.4086316 0.4888310 2.2696166
v 177.8000031 30.1497993 72.4916000
vn 1.4979048 3.2903423 2.0541680
v 89.6874008 155.5749969 31.7500000
vn 0.2050310 -3.2724929 3.1281543
v -160.0910950 0.0000000 -95.1395035
vn -0.2050310 -3.2724957 3.1281514
v 160.0910950 0.0000000 -95.1395035
vn -0.2050310 3.2724898 3.1281543
v 160.0910950 3.0000000 -95.1395035
vn 0.2050310 3.2724929 3.1281517
v -160.0910950 3.0000000 -95.1395035
vn -0.8061519 -3.4033935 3.0085831
v 161.3851929 -0.0000000 -94.9691315
vn -1.5573596 -3.4033885 2.6974232
v 162.5910950 -0.0000000 -94.4696274
vn -2.2024286 -3.4033866 2.2024465
v 163.6266327 -0.0000000 -93.6750336
vn -2.6974199 -3.4034045 1.5573585
v 164.4212341 -0.0000000 -92.6395035
vn -3.0085888 -3.4033911 0.8061329
v 164.9207306 -0.0000000 -91.4335938
vn -3.1281552 -3.2724860 0.2050232
v 165.0910950 0.0000000 -90.1395035
vn -3.1281564 3.2724879 0.2050232
v 165.0910950 3.0000000 -90.1395035
vn -3.0085888 3.4033911 0.8061329
v 164.9207306 3.0000000 -91.4335938
vn -2.6974201 3.4034045 1.5573585
v 164.4212341 3.0000000 -92.6395035
vn -2.2024288 3.4033866 2.2024465
v 163.6266327 3.0000000 -93.6750336
vn -1.5573595 3.4033885 2.6974230
v 162.5910950 3.0000000 -94.4696274
vn -0.8061519 3.4033933 3.0085831
v 161.3851929 3.0000000 -94.9691315
vn -3.1281567 -3.2724874 -0.2050226
v 165.0910950 -0.0000000 54.7826996
vn -3.1281552 3.2724864 -0.2050226
v 165.0910950 3.0000000 54.7826996
vn -3.0085881 -3.4033926 -0.8061340
v 164.9207306 -0.0000000 56.0767937
vn -2.6974208 -3.4034014 -1.5573580
v 164.4212341 -0.0000000 57.2826996
vn -2.2024302 -3.4033885 -2.2024443
v 163.6266327 -0.0000000 58.3182335
vn -1.5573556 -3.4033914 -2.6974247
v 162.5910950 -0.0000000 59.1128273
vn -0.8061481 -3.4033909 -3.0085847
v 161.3851929 -0.0000000 59.6123276
vn -0.2050310 -3.2724957 -3.1281543
v 160.0910950 -0.0000000 59.7826996
vn -0.2050310 3.2724898 -3.1281517
v 160.0910950 3.0000000 59.7826996
vn -0.8061479 3.4033911 -3.0085845
v 161.3851929 3.0000000 59.6123276
vn -1.5573556 3.4033914 -2.6974249
v 162.5910950 3.0000000 59.1128273
vn -2.2024302 3.4033885 -2.2024443
v 163.6266327 3.0000000 58.3182335
vn -2.6974206 3.4034014 -1.5573579
v 164.4212341 3.0000000 57.2826996
vn -3.0085883 3.4033926 -0.8061340
v 164.9207306 3.0000000 56.0767937
vn 0.2050310 -3.2724929 -3.1281514
v -160.0910950 -0.0000000 59.7826996
vn 0.2050310 3.2724929 -3.1281543
v -160.0910950 3.0000000 59.7826996
vn 0.8061479 -3.4033909 -3.0085845
v -161.3851929 -0.0000000 59.6123276
vn 1.5573556 -3.4033914 -2.6974249
v -162.5910950 -0.0000000 59.1128273
vn 2.2024302 -3.4033885 -2.2024443
v -163.6266327 -0.0000000 58.3182335
vn 2.6974206 -3.4034014 -1.5573579
v -164.4212341 -0.0000000 57.2826996
vn 3.0085883 -3.4033926 -0.8061340
v -164.9207306 -0.0000000 56.0767937
vn 3.1281552 -3.2724857 -0.2050226
v -165.0910950 -0.0000000 54.7826996
vn 3.1281567 3.2724876 -0.2050226
v -165.0910950 3.0000000 54.7826996
vn 3.0085881 3.4033926 -0.8061340
v -164.9207306 3.0000000 56.0767937
vn 2.6974211 3.4034014 -1.5573580
v -164.4212341 3.0000000 57.2826996
vn 2.2024302 3.4033885 -2.2024443
v -163.6266327 3.0000000 58.3182335
vn 1.5573555 3.4033914 -2.6974247
v -162.5910950 3.0000000 59.1128273
vn 0.8061480 3.4033911 -3.0085847
v -161.3851929 3.0000000 59.6123276
vn 3.1281567 -3.2724876 0.2050232
v -165.0910950 0.0000000 -90.1395035
vn 3.1281552 3.2724867 0.2050232
v -165.0910950 3.0000000 -90.1395035
vn 3.0085888 -3.4033911 0.8061329
v -164.9207306 -0.0000000 -91.4335938
vn 2.6974201 -3.4034045 1.5573585
v -164.4212341 -0.0000000 -92.6395035
vn 2.2024286 -3.4033866 2.2024467
v -163.6266327 -0.0000000 -93.6750336
vn 1.5573595 -3.4033885 2.6974230
v -162.5910950 -0.0000000 -94.4696274
vn 0.8061520 -3.4033935 3.0085831
v -161.3851929 -0.0000000 -94.9691315
vn 0.8061519 3.4033933 3.0085831
v -161.3851929 3.0000000 -94.9691315
vn 1.5573596 3.4033885 2.6974232
v -162.5910950 3.0000000 -94.4696274
vn 2.2024286 3.4033866 2.2024465
v -163.6266327 3.0000000 -93.6750336
vn 2.6974199 3.4034045 1.5573585
v -164.4212341 3.0000000 -92.6395035
vn 3.0085888 3.4033911 0.8061330
v -164.9207306 3.0000000 -91.4335938
vn -1.9394926 -1.1872882 4.6247392
v 171.8848877 16.7556763 65.1328964
vn -4.5880575 2.5639114 1.3611391
v 172.3355255 18.8750000 65.1267624
vn -1.5494366 1.5571979 1.5706513
v 170.0916901 18.8750000 65.1572800
vn -2.8895378 1.2095906 -2.8599296
v 170.0916901 16.1736584 65.1572800
vn -0.0112043 0.0024943 0.0003416
v 174.7646942 15.8750000 65.0937271
vn -4.5880609 2.5639069 -1.3611391
v 172.3355255 18.8750000 -100.4835663
vn -1.5494305 1.5571954 -1.5706511
v 170.0916901 18.8750000 -100.5140839
vn -1.9394789 -1.1872749 -4.6247392
v 171.8848877 16.7556763 -100.4896927
vn -0.0112043 0.0024943 -0.0003416
v 174.7646942 15.8750000 -100.4505234
vn -2.8895342 1.2095567 2.8599381
v 170.0916901 16.1736584 -100.5140839
vn -1.7460836 2.2654088 -1.7150043
v 167.6045074 3.0000000 62.3539276
vn 1.7460836 2.2654035 -1.7150030
v -167.6045074 3.0000000 62.3539276
vn 3.1179471 0.9153637 -2.8876793
v -170.0916901 16.1736584 65.1572800
vn 0.8573223 5.8200698 -0.3868769
v -170.7165375 18.8750000 65.7321243
vn -4.4086123 2.7924795 -1.3358327
v 172.3355255 18.8750000 65.7321243
vn -2.1783640 -0.1128654 -4.5133562
v 171.8848877 16.7556763 65.2811356
vn 3.0728927 -3.7949934 0.0000000
v 174.7646942 15.8750000 65.0937271
vn 1.7370225 -2.3094957 1.7370220
v 174.7646942 15.8750000 69.4562988
vn -1.7370226 -2.3094904 1.7370234
v -174.7646942 15.8750000 69.4562988
vn -1.7370222 -2.3094842 -1.7370231
v -174.7646942 15.8750000 -104.8131027
vn 1.7370220 -2.3094950 -1.7370241
v 174.7646942 15.8750000 -104.8131027
vn 3.0728927 -3.7949944 0.0000000
v 174.7646942 15.8750000 -100.4505234
vn 1.3409703 -5.2544961 1.3577855
v 173.0883026 15.8750000 68.1608963
vn 1.3409703 -5.2544951 -1.3577855
v 173.0883026 15.8750000 -103.5177002
vn -1.3409703 -5.2545009 -1.3577843
v -173.0883026 15.8750000 -103.5177002
vn -1.3409703 -5.2544961 1.3577843
v -173.0883026 15.8750000 68.1608963
vn -2.1783719 -0.1128786 4.5133586
v 171.8848877 16.7556763 -100.6379318
vn -4.4086089 2.7924833 1.3358320
v 172.3355255 18.8750000 -101.0889282
vn 0.8573223 5.8200693 0.3868769
v -170.7165375 18.8750000 -101.0889282
vn 3.1179428 0.9153641 2.8876793
v -170.0916901 16.1736584 -100.5140839
vn 1.7460849 2.2654066 1.7150029
v -167.6045074 3.0000000 -97.7107239
vn -1.7460849 2.2654090 1.7150043
v 167.6045074 3.0000000 -97.7107239
vn -1.7370225 2.3094876 -1.7370234
v 172.3355255 18.8750000 67.0271301
vn -2.7621577 -0.2323948 -2.2834513
v 174.5937042 29.4950161 69.2853012
vn -2.7621589 -0.2323963 2.2834342
v 174.5937042 29.4950161 -104.6420975
vn -1.7370217 2.3094864 1.7370236
v 172.3355255 18.8750000 -102.3839340
vn -2.4296975 -1.2549713 3.0837128
v 173.9121246 30.4652233 -104.8483963
vn 2.4296978 -1.2549708 3.0837147
v -173.9121246 30.4652233 -104.8483963
vn 2.7621593 -0.2323963 2.2834332
v -174.5937042 29.4950161 -104.6420975
vn 1.7370217 2.3094957 1.7370237
v -172.3355255 18.8750000 -102.3839340
vn -2.2171109 -1.4089332 -3.0590811
v 174.2477264 29.9874973 69.3900223
vn -1.4979045 -3.2903428 -2.0541685
v 88.1286392 152.5749969 29.5701828
vn -1.2853283 -2.4737539 2.1832058
v 88.1286392 152.5749969 15.6999998
vn -3.8559780 -4.2796645 0.9583867
v 116.0006332 112.9001999 15.6999998
vn -3.8559804 -4.2796655 -0.9583865
v 116.0006332 112.9001999 -15.6999998
vn -1.2853281 -2.4737539 -2.1832058
v 88.1286392 152.5749969 -15.6999998
vn -1.2853281 -2.4737539 2.1832056
v 88.1286392 152.5749969 -54.1500015
vn -2.6364582 -2.0659108 3.1288233
v 141.8007660 76.1745987 -54.1500015
vn -2.7039368 -2.6214936 3.0255671
v 147.4336548 68.1563873 -54.9397240
vn -2.7089458 -3.1891773 2.8112803
v 152.8500671 60.4463120 -57.2785492
vn -2.7171767 -3.6999459 2.4949422
v 157.8418732 53.3406639 -61.0765991
vn -2.7282214 -4.1358290 2.0921474
v 162.2172089 47.1125107 -66.1879120
vn -2.7410433 -4.4831247 1.6217535
v 165.8079681 42.0011978 -72.4160614
vn -2.7536426 -4.7334175 1.1040926
v 168.4761353 38.2031517 -79.5217133
vn -2.7631297 -4.8834338 0.5582854
v 170.1191864 35.8643265 -87.2317886
vn -2.6686771 -4.9403839 0.1472255
v 170.6739807 35.0746002 -95.2500000
vn -1.2853277 -2.4737549 2.1832073
v 170.6739807 35.0746002 -104.8483963
vn 1.7370225 2.3094995 -1.7370234
v -172.3355255 18.8750000 67.0271301
vn 2.7621610 -0.2324049 -2.2834287
v -174.5937042 29.4950161 69.2853012
vn 2.2171133 -1.4089296 -3.0590997
v -174.2477264 29.9874973 69.3900223
vn 2.6342959 2.3145399 1.1560117
v -170.0916901 18.8750000 65.1572800
vn 2.6342990 2.3145425 -1.1560117
v -170.0916901 18.8750000 -100.5140839
vn 0.2389905 -1.1851352 -6.1531444
v -175.0008545 28.9154415 -107.5859375
vn 0.4101071 -3.0372984 -4.5435934
v -175.1943207 28.6400452 -107.5273743
vn 0.5724771 -2.4203546 -1.6514198
v -175.1943207 28.6400452 -107.5859375
vn -2.6230540 0.3358399 -2.2944477
v -177.8000031 30.1497993 -107.8483963
vn 1.2853277 -2.4737554 2.1832066
v -170.6739807 35.0746002 -104.8483963
vn 2.6686771 -4.9403853 0.1472257
v -170.6739807 35.0746002 -95.2500000
vn 2.7631297 -4.8834324 0.5582853
v -170.1191864 35.8643265 -87.2317886
vn 2.7536421 -4.7334161 1.1040926
v -168.4761353 38.2031517 -79.5217133
vn 2.7410469 -4.4831276 1.6217532
v -165.8079681 42.0011978 -72.4160614
vn 2.7282224 -4.1358299 2.0921485
v -162.2172089 47.1125107 -66.1879120
vn 2.7171755 -3.6999464 2.4949434
v -157.8418732 53.3406639 -61.0765991
vn 2.7089446 -3.1891754 2.8112769
v -152.8500671 60.4463120 -57.2785492
vn 2.7039382 -2.6214948 3.0255685
v -147.4336548 68.1563873 -54.9397240
vn 2.6364594 -2.0659118 3.1288247
v -141.8007660 76.1745987 -54.1500015
vn 1.2853281 -2.4737539 2.1832058
v -88.1286392 152.5749969 -54.1500015
vn 1.2853281 -2.4737539 -2.1832058
v -88.1286392 152.5749969 -15.6999998
vn 3.8559852 -4.2796683 -0.9583867
v -116.0006332 112.9001999 -15.6999998
vn 3.8559837 -4.2796683 0.9583867
v -116.0006332 112.9001999 15.6999998
vn 1.2853283 -2.4737546 2.1832058
v -88.1286392 152.5749969 15.6999998
vn 1.4979045 -3.2903423 -2.0541685
v -88.1286392 152.5749969 29.5701828
vn 2.6230536 0.3358388 -2.2944531
v 177.8000031 30.1497993 -107.8483963
vn -0.2389904 -1.1851429 -6.1531796
v 175.0008545 28.9154415 -107.5859375
vn -0.4101072 -3.0372899 -4.5435514
v 175.1943207 28.6400452 -107.5273743
vn -0.5724771 -2.4203548 -1.6514198
v 175.1943207 28.6400452 -107.5859375
vn 1.2853283 2.4737542 -2.1832051
v 172.2327423 38.0746002 -107.8483963
vn 2.6686773 4.9403844 -0.1472262
v 172.2327423 38.0746002 -95.2500000
vn 2.7631278 4.8834372 -0.5582875
v 171.7184448 38.8066826 -87.8170624
vn 2.7536397 4.7334166 -1.1040936
v 170.1953278 40.9747887 -80.6697617
vn 2.7410486 4.4831333 -1.6217549
v 167.7219086 44.4956093 -74.0827713
vn 2.7282190 4.1358294 -2.0921493
v 164.3932495 49.2338333 -68.3092346
vn 2.7171762 3.6999488 -2.4949443
v 160.3372803 55.0073738 -63.5710068
vn 2.7089453 3.1891775 -2.8112817
v 155.7098389 61.5943604 -60.0501900
vn 2.7039413 2.6214950 -3.0255694
v 150.6887817 68.7416611 -57.8820801
vn 2.6364625 2.0659113 -3.1288218
v 145.4670715 76.1745987 -57.1500015
vn 1.2853281 2.4737535 -2.1832056
v 89.6874008 155.5749969 -57.1500015
vn 1.2853284 2.4737539 2.1832058
v 89.6874008 155.5749969 -12.6999998
vn 3.8559840 4.2796688 0.9583872
v 117.5593872 115.9001999 -12.6999998
vn 3.8559833 4.2796679 -0.9583871
v 117.5593872 115.9001999 12.6999998
vn 1.2853285 2.4737542 -2.1832058
v 89.6874008 155.5749969 12.6999998
vn 1.7460841 -2.2654102 1.7150028
v 170.0910950 0.0000000 64.7826996
vn 1.7460841 -2.2654102 -1.7150027
v 170.0910950 0.0000000 -100.1395035
vn -1.7460841 -2.2654116 -1.7150038
v -170.0910950 0.0000000 -100.1395035
vn -1.7460841 -2.2654154 1.7150038
v -170.0910950 0.0000000 64.7826996
vn -2.6686773 4.9403844 -0.1472261
v -172.2327423 38.0746002 -95.2500000
vn -1.2853283 2.4737539 -2.1832056
v -172.2327423 38.0746002 -107.8483963
vn -1.2853285 2.4737539 -2.1832056
v -89.6874008 155.5749969 12.6999998
vn -3.8559852 4.2796693 -0.9583877
v -117.5593872 115.9001999 12.6999998
vn -3.8559847 4.2796688 0.9583874
v -117.5593872 115.9001999 -12.6999998
vn -1.2853284 2.4737537 2.1832056
v -89.6874008 155.5749969 -12.6999998
vn -1.2853281 2.4737539 -2.1832056
v -89.6874008 155.5749969 -57.1500015
vn -2.6364615 2.0659091 -3.1288192
v -145.4670715 76.1745987 -57.1500015
vn -2.7039390 2.6214945 -3.0255709
v -150.6887817 68.7416611 -57.8820801
vn -2.7089441 3.1891766 -2.8112819
v -155.7098389 61.5943604 -60.0501900
vn -2.7171772 3.6999490 -2.4949417
v -160.3372803 55.0073738 -63.5710068
vn -2.7282219 4.1358290 -2.0921478
v -164.3932495 49.2338333 -68.3092346
vn -2.7410448 4.4831347 -1.6217581
v -167.7219086 44.4956093 -74.0827713
vn -2.7536428 4.7334170 -1.1040921
v -170.1953278 40.9747887 -80.6697617
vn -2.7631278 4.8834362 -0.5582873
v -171.7184448 38.8066826 -87.8170624
vn -4.5753427 0.5922536 0.0000001
v 134.3577881 91.9882736 0.0000000
vn -4.5143352 0.5054154 -0.8061477
v 134.2023163 92.2095871 2.0543759
vn -4.3354673 0.2507997 -1.5573572
v 133.7464905 92.8584366 3.9687500
vn -4.0509286 -0.1542286 -2.2024500
v 133.0213776 93.8906097 5.6126599
vn -3.6801114 -0.6820794 -2.6974356
v 132.0763855 95.2357635 6.8740768
vn -3.2482855 -1.2967672 -3.0085993
v 130.9759216 96.8022308 7.6670361
vn -2.7848828 -1.9564101 -3.1147127
v 129.7949829 98.4832535 7.9375000
vn -2.3214746 -2.6160493 -3.0085967
v 128.6140442 100.1642838 7.6670361
vn -1.8896494 -3.2307408 -2.6974325
v 127.5135880 101.7307510 6.8740768
vn -1.5188265 -3.7585866 -2.2024381
v 126.5686035 103.0759048 5.6126599
vn -1.2342881 -4.1636181 -1.5573570
v 125.8434906 104.1080780 3.9687500
vn -1.0554160 -4.4182301 -0.8061466
v 125.3876648 104.7569275 2.0543759
vn -0.9944175 -4.5050731 0.0000002
v 125.2321854 104.9782410 0.0000000
vn -1.0554155 -4.4182301 0.8061471
v 125.3876648 104.7569275 -2.0543759
vn -1.2342881 -4.1636186 1.5573567
v 125.8434906 104.1080780 -3.9687500
vn -1.5188290 -3.7585864 2.2024391
v 126.5686035 103.0759048 -5.6126599
vn -1.8896487 -3.2307432 2.6974308
v 127.5135880 101.7307510 -6.8740768
vn -2.3214736 -2.6160479 3.0085971
v 128.6140442 100.1642838 -7.6670361
vn -2.7848787 -1.9564073 3.1147125
v 129.7949829 98.4832535 -7.9375000
vn -3.2482877 -1.2967690 3.0086012
v 130.9759216 96.8022308 -7.6670361
vn -3.6801119 -0.6820801 2.6974366
v 132.0763855 95.2357635 -6.8740768
vn -4.0509286 -0.1542289 2.2024493
v 133.0213776 93.8906097 -5.6126599
vn -4.3354659 0.2508008 1.5573570
v 133.7464905 92.8584366 -3.9687500
vn -4.5143356 0.5054152 0.8061473
v 134.2023163 92.2095871 -2.0543759
vn 0.9944113 4.5050735 0.0000004
v 136.9557800 93.8133926 0.0000000
vn 1.0554210 4.4182262 0.8061484
v 136.8003082 94.0347061 -2.0543759
vn 1.2342876 4.1636162 1.5573566
v 136.3444824 94.6835556 -3.9687500
vn 1.5188287 3.7585831 2.2024255
v 135.6193695 95.7157288 -5.6126599
vn 1.8896482 3.2307413 2.6974123
v 134.6743774 97.0608826 -6.8740768
vn 2.3214705 2.6160498 3.0085857
v 133.5739136 98.6273499 -7.6670361
vn 2.7848768 1.9564098 3.1147366
v 132.3929749 100.3083725 -7.9375000
vn 3.2482891 1.2967608 3.0085721
v 131.2120361 101.9894028 -7.6670361
vn 3.6801054 0.6820698 2.6974115
v 130.1115875 103.5558624 -6.8740768
vn 4.0509281 0.1542349 2.2024388
v 129.1665955 104.9010239 -5.6126599
vn 4.3354659 -0.2507978 1.5573571
v 128.4414825 105.9331970 -3.9687500
vn 4.5143290 -0.5054094 0.8061547
v 127.9856567 106.5820465 -2.0543759
vn 4.5753474 -0.5922527 0.0000001
v 127.8301773 106.8033600 0.0000000
vn 4.5143290 -0.5054097 -0.8061546
v 127.9856567 106.5820465 2.0543759
vn 4.3354659 -0.2507980 -1.5573568
v 128.4414825 105.9331970 3.9687500
vn 4.0509272 0.1542324 -2.2024379
v 129.1665955 104.9010239 5.6126599
vn 3.6801035 0.6820712 -2.6974127
v 130.1115875 103.5558624 6.8740768
vn 3.2482903 1.2967607 -3.0085704
v 131.2120361 101.9894028 7.6670361
vn 2.7848768 1.9564098 -3.1147366
v 132.3929749 100.3083725 7.9375000
vn 2.3214707 2.6160498 -3.0085850
v 133.5739136 98.6273499 7.6670361
vn 1.8896483 3.2307410 -2.6974123
v 134.6743774 97.0608826 6.8740768
vn 1.5188289 3.7585831 -2.2024250
v 135.6193695 95.7157288 5.6126599
vn 1.2342875 4.1636162 -1.5573565
v 136.3444824 94.6835556 3.9687500
vn 1.0554209 4.4182262 -0.8061479
v 136.8003082 94.0347061 2.0543759
vn -4.5753355 0.5922616 -0.0000033
v 159.9094391 55.6163788 0.0000000
vn -4.5143356 0.5054127 -0.8061457
v 159.7539673 55.8376884 2.0543759
vn -4.3354659 0.2507972 -1.5573554
v 159.2981415 56.4865379 3.9687500
vn -4.0509262 -0.1542253 -2.2024245
v 158.5730286 57.5187149 5.6126599
vn -3.6801147 -0.6820737 -2.6974308
v 157.6280518 58.8638687 6.8740768
vn -3.2482834 -1.2967658 -3.0085790
v 156.5275879 60.4303322 7.6670361
vn -2.7848802 -1.9564097 -3.1147156
v 155.3466492 62.1113586 7.9375000
vn -2.3214755 -2.6160533 -3.0085688
v 154.1657104 63.7923813 7.6670361
vn -1.8896508 -3.2307420 -2.6974108
v 153.0652466 65.3588486 6.8740768
vn -1.5188230 -3.7585878 -2.2024505
v 152.1202698 66.7040024 5.6126599
vn -1.2342875 -4.1636109 -1.5573622
v 151.3951569 67.7361755 3.9687500
vn -1.0554242 -4.4182320 -0.8061499
v 150.9393311 68.3850327 2.0543759
vn -0.9944082 -4.5050683 0.0000001
v 150.7838593 68.6063385 0.0000000
vn -1.0554243 -4.4182320 0.8061498
v 150.9393311 68.3850327 -2.0543759
vn -1.2342889 -4.1636124 1.5573622
v 151.3951569 67.7361755 -3.9687500
vn -1.5188223 -3.7585871 2.2024512
v 152.1202698 66.7040024 -5.6126599
vn -1.8896488 -3.2307401 2.6974125
v 153.0652466 65.3588486 -6.8740768
vn -2.3214734 -2.6160514 3.0085707
v 154.1657104 63.7923813 -7.6670361
vn -2.7848842 -1.9564126 3.1147151
v 155.3466492 62.1113586 -7.9375000
vn -3.2482834 -1.2967657 3.0085793
v 156.5275879 60.4303322 -7.6670361
vn -3.6801140 -0.6820739 2.6974316
v 157.6280518 58.8638687 -6.8740768
vn -4.0509272 -0.1542245 2.2024240
v 158.5730286 57.5187149 -5.6126599
vn -4.3354664 0.2507966 1.5573561
v 159.2981415 56.4865379 -3.9687500
vn -4.5143318 0.5054142 0.8061489
v 159.7539673 55.8376884 -2.0543759
vn 0.9944292 4.5050778 -0.0000033
v 162.5074463 57.4414940 0.0000000
vn 1.0554085 4.4182367 0.8061450
v 162.3519592 57.6628075 -2.0543759
vn 1.2342885 4.1636190 1.5573577
v 161.8961334 58.3116570 -3.9687500
vn 1.5188274 3.7585869 2.2024488
v 161.1710205 59.3438301 -5.6126599
vn 1.8896475 3.2307391 2.6974137
v 160.2260437 60.6889877 -6.8740768
vn 2.3214712 2.6160512 3.0085893
v 159.1255798 62.2554512 -7.6670361
vn 2.7848763 1.9564106 3.1147029
v 157.9446411 63.9364777 -7.9375000
vn 3.2482858 1.2967677 3.0085866
v 156.7637024 65.6175003 -7.6670361
vn 3.6801157 0.6820742 2.6974316
v 155.6632385 67.1839676 -6.8740768
vn 4.0509262 0.1542279 2.2024181
v 154.7182617 68.5291214 -5.6126599
vn 4.3354650 -0.2508013 1.5573596
v 153.9931488 69.5612946 -3.9687500
vn 4.5143375 -0.5054069 0.8061442
v 153.5373230 70.2101517 -2.0543759
vn 4.5753407 -0.5922609 0.0000001
v 153.3818512 70.4314575 0.0000000
vn 4.5143375 -0.5054072 -0.8061441
v 153.5373230 70.2101517 2.0543759
vn 4.3354650 -0.2508013 -1.5573595
v 153.9931488 69.5612946 3.9687500
vn 4.0509262 0.1542275 -2.2024181
v 154.7182617 68.5291214 5.6126599
vn 3.6801157 0.6820741 -2.6974311
v 155.6632385 67.1839676 6.8740768
vn 3.2482858 1.2967677 -3.0085871
v 156.7637024 65.6175003 7.6670361
vn 2.7848759 1.9564115 -3.1147053
v 157.9446411 63.9364777 7.9375000
vn 2.3214712 2.6160512 -3.0085881
v 159.1255798 62.2554512 7.6670361
vn 1.8896478 3.2307396 -2.6974137
v 160.2260437 60.6889877 6.8740768
vn 1.5188280 3.7585859 -2.2024498
v 161.1710205 59.3438301 5.6126599
vn 1.2342875 4.1636190 -1.5573567
v 161.8961334 58.3116570 3.9687500
vn 1.0554113 4.4182396 -0.8061417
v 162.3519592 57.6628075 2.0543759
vn 2.8561256 0.9029587 2.5291855
v 168.9109344 48.3263474 12.6999998
vn 0.2854692 -0.9029570 0.6124097
v 168.9109344 42.8030777 12.6999998
vn 0.2854694 -0.9029570 -0.6124097
v 168.9109344 42.8030777 -12.6999998
vn 2.8561254 0.9029586 -2.5291858
v 168.9109344 48.3263474 -12.6999998
vn -1.2853290 0.6678383 0.9583891
v 117.5593872 115.9001999 12.6999998
vn 1.2853248 2.4737518 2.1832058
v 121.4395447 115.9001999 12.6999998
vn 1.2853248 2.4737523 -2.1832058
v 121.4395447 115.9001999 -12.6999998
vn -1.2853290 0.6678379 -0.9583891
v 117.5593872 115.9001999 -12.6999998
vn -1.8747600 -0.1922567 -4.3620224
v 78.7626038 215.6996002 -62.4607582
vn -1.0874091 0.8390134 -1.3899231
v 94.6376038 215.6996002 -62.4607582
vn -1.0874087 0.8390129 1.3899227
v 94.6376038 215.6996002 -128.0392456
vn -1.8747594 -0.1922570 4.3620214
v 78.7626038 215.6996002 -128.0392456
vn -3.0199676 -0.7553287 -3.0434566
v 78.7626038 211.6288452 -61.1833649
vn -3.0199223 -0.3804369 -3.1126235
v 78.7626038 207.4331818 -60.4092979
vn -3.0807796 -0.0954660 -3.1386890
v 78.7626038 203.1746063 -60.1500015
vn 3.0230434 -0.1878731 -3.1303160
v -94.6376038 203.1746063 -60.1500015
vn 2.9044943 -0.7464352 -3.0284052
v -94.6376038 211.5745850 -61.1699409
vn 2.9042456 -1.4495807 -2.7616777
v -94.6376038 219.4863892 -64.1704941
vn 2.9040580 -2.0682867 -2.3346136
v -94.6376038 226.4502106 -68.9772720
vn 2.9040580 -2.5668974 -1.7717998
v -94.6376038 232.0613403 -75.3109283
vn 2.9040577 -2.9163265 -1.1060148
v -94.6376038 235.9936676 -82.8033676
vn 2.9040616 -3.0962701 -0.3759547
v -94.6376038 238.0186768 -91.0191650
vn 2.9040616 -3.0962701 0.3759547
v -94.6376038 238.0186768 -99.4808350
vn 2.9040577 -2.9163265 1.1060150
v -94.6376038 235.9936676 -107.6966324
vn 2.9040577 -2.5668974 1.7717998
v -94.6376038 232.0613403 -115.1890717
vn 2.9040580 -2.0682867 2.3346136
v -94.6376038 226.4502106 -121.5227280
vn 2.9042468 -1.4495814 2.7616775
v -94.6376038 219.4863892 -126.3295059
vn 2.9044943 -0.7464364 3.0284047
v -94.6376038 211.5745850 -129.3300629
vn 3.0230427 -0.1878739 3.1303158
v -94.6376038 203.1746063 -130.3500061
vn -3.0807767 -0.0954702 3.1386886
v 78.7626038 203.1746063 -130.3500061
vn -3.0199270 -0.3804397 3.1126232
v 78.7626038 207.4331818 -130.0906982
vn -3.0199659 -0.7553260 3.0434570
v 78.7626038 211.6288452 -129.3166351
vn -2.9045205 -1.7767532 2.5635781
v 94.6376038 223.1688385 -124.0985718
vn -2.9045179 -2.3376408 2.0649979
v 94.6376038 229.4806671 -118.4879227
vn -2.9045191 -2.7632084 1.4468768
v 94.6376038 234.2696838 -111.5320740
vn -2.9045193 -3.0288219 0.7450018
v 94.6376038 237.2586670 -103.6336975
vn -2.9045203 -3.1190982 0.0000000
v 94.6376038 238.2745972 -95.2500000
vn -2.9045198 -3.0288219 -0.7450018
v 94.6376038 237.2586670 -86.8663025
vn -2.9045186 -2.7632084 -1.4468768
v 94.6376038 234.2696838 -78.9679260
vn -2.9045181 -2.3376408 -2.0649979
v 94.6376038 229.4806671 -72.0120773
vn -2.9045200 -1.7767527 -2.5635786
v 94.6376038 223.1688385 -66.4014282
vn -1.0874110 -0.8390141 -1.3899235
v 94.6376038 63.6496010 -62.4607582
vn -1.8747602 0.1922570 -4.3620224
v 78.7626038 63.6496010 -62.4607582
vn -1.8747587 0.1922581 4.3620214
v 78.7626038 63.6496010 -128.0392456
vn -1.0874128 -0.8390135 1.3899231
v 94.6376038 63.6496010 -128.0392456
vn -3.0807807 0.0954658 -3.1386890
v 78.7626038 76.1745987 -60.1500015
vn -3.0199223 0.3804368 -3.1126237
v 78.7626038 71.9160156 -60.4092979
vn -3.0199671 0.7553291 -3.0434563
v 78.7626038 67.7203522 -61.1833649
vn -2.9045205 1.7767532 -2.5635777
v 94.6376038 56.1803551 -66.4014282
vn -2.9045196 2.3376420 -2.0649967
v 94.6376038 49.8685379 -72.0120773
vn -2.9045196 2.7632084 -1.4468775
v 94.6376038 45.0795212 -78.9679260
vn -2.9045198 3.0288217 -0.7450031
v 94.6376038 42.0905342 -86.8663025
vn -2.9045196 3.1190982 0.0000000
v 94.6376038 41.0746002 -95.2500000
vn -2.9045198 3.0288217 0.7450030
v 94.6376038 42.0905342 -103.6336975
vn -2.9045198 2.7632084 1.4468775
v 94.6376038 45.0795212 -111.5320740
vn -2.9045196 2.3376420 2.0649970
v 94.6376038 49.8685379 -118.4879227
vn -2.9045208 1.7767538 2.5635777
v 94.6376038 56.1803551 -124.0985718
vn -3.0199659 0.7553264 3.0434570
v 78.7626038 67.7203522 -129.3166351
vn -3.0199265 0.3804396 3.1126237
v 78.7626038 71.9160156 -130.0906982
vn -3.0807767 0.0954700 3.1386888
v 78.7626038 76.1745987 -130.3500061
vn 3.0230396 0.1878738 3.1303155
v -94.6376038 76.1745987 -130.3500061
vn 2.9044943 0.7464364 3.0284047
v -94.6376038 67.7746201 -129.3300629
vn 2.9042468 1.4495814 2.7616775
v -94.6376038 59.8628159 -126.3295059
vn 2.9040580 2.0682867 2.3346136
v -94.6376038 52.8989944 -121.5227280
vn 2.9040587 2.5668967 1.7718009
v -94.6376038 47.2878647 -115.1890717
vn 2.9040604 2.9163260 1.1060159
v -94.6376038 43.3555298 -107.6966324
vn 2.9040594 3.0962701 0.3759547
v -94.6376038 41.3305206 -99.4808350
vn 2.9040594 3.0962701 -0.3759547
v -94.6376038 41.3305206 -91.0191650
vn 2.9040604 2.9163260 -1.1060159
v -94.6376038 43.3555298 -82.8033676
vn 2.9040585 2.5668967 -1.7718008
v -94.6376038 47.2878647 -75.3109283
vn 2.9040580 2.0682869 -2.3346136
v -94.6376038 52.8989944 -68.9772720
vn 2.9042456 1.4495807 -2.7616777
v -94.6376038 59.8628159 -64.1704941
vn 2.9044943 0.7464351 -3.0284050
v -94.6376038 67.7746201 -61.1699409
vn 3.0230405 0.1878731 -3.1303158
v -94.6376038 76.1745987 -60.1500015
vn -3.4033940 -3.1147151 0.0000000
v 94.6376038 61.8871002 -80.9625015
vn -3.4033899 -3.0085850 -0.8061476
v 94.6376038 61.6166344 -78.9081268
vn -3.4033928 -2.6974247 -1.5573554
v 94.6376038 60.8236771 -76.9937515
vn -3.4033937 -2.2024362 -2.2024369
v 94.6376038 59.5622597 -75.3498383
vn -3.4033906 -1.5573573 -2.6974239
v 94.6376038 57.9183502 -74.0884247
vn -3.4033930 -0.8061472 -3.0085845
v 94.6376038 56.0039749 -73.2954636
vn -3.4033904 0.0000000 -3.1147161
v 94.6376038 53.9496002 -73.0250015
vn -3.4033933 0.8061473 -3.0085845
v 94.6376038 51.8952255 -73.2954636
vn -3.4033906 1.5573573 -2.6974239
v 94.6376038 49.9808502 -74.0884247
vn -3.4033935 2.2024362 -2.2024369
v 94.6376038 48.3369408 -75.3498383
vn -3.4033909 2.6974235 -1.5573578
v 94.6376038 47.0755234 -76.9937515
vn -3.4033933 3.0085845 -0.8061472
v 94.6376038 46.2825623 -78.9081268
vn -3.4033906 3.1147161 0.0000000
v 94.6376038 46.0121002 -80.9625015
vn -3.4033933 3.0085845 0.8061473
v 94.6376038 46.2825623 -83.0168762
vn -3.4033940 2.6974213 1.5573605
v 94.6376038 47.0755234 -84.9312515
vn -3.4033880 2.2024379 2.2024369
v 94.6376038 48.3369408 -86.5751572
vn -3.4033933 1.5573611 2.6974211
v 94.6376038 49.9808502 -87.8365784
vn -3.4033930 0.8061472 3.0085845
v 94.6376038 51.8952255 -88.6295395
vn -3.4033904 0.0000000 3.1147161
v 94.6376038 53.9496002 -88.9000015
vn -3.4033928 -0.8061473 3.0085845
v 94.6376038 56.0039749 -88.6295395
vn -3.4033933 -1.5573610 2.6974211
v 94.6376038 57.9183502 -87.8365784
vn -3.4033890 -2.2024376 2.2024369
v 94.6376038 59.5622597 -86.5751572
vn -3.4033961 -2.6974227 1.5573583
v 94.6376038 60.8236771 -84.9312515
vn -3.4033875 -3.0085852 0.8061477
v 94.6376038 61.6166344 -83.0168762
vn -3.4033911 -3.1147151 0.0000000
v 94.6376038 61.8871002 -109.5374985
vn -3.4033909 -3.0085850 -0.8061476
v 94.6376038 61.6166344 -107.4831238
vn -3.4033957 -2.6974225 -1.5573581
v 94.6376038 60.8236771 -105.5687485
vn -3.4033880 -2.2024379 -2.2024369
v 94.6376038 59.5622597 -103.9248428
vn -3.4033933 -1.5573611 -2.6974211
v 94.6376038 57.9183502 -102.6634216
vn -3.4033930 -0.8061472 -3.0085845
v 94.6376038 56.0039749 -101.8704605
vn -3.4033904 0.0000000 -3.1147161
v 94.6376038 53.9496002 -101.5999985
vn -3.4033928 0.8061473 -3.0085845
v 94.6376038 51.8952255 -101.8704605
vn -3.4033933 1.5573610 -2.6974211
v 94.6376038 49.9808502 -102.6634216
vn -3.4033890 2.2024376 -2.2024369
v 94.6376038 48.3369408 -103.9248428
vn -3.4033937 2.6974216 -1.5573606
v 94.6376038 47.0755234 -105.5687485
vn -3.4033933 3.0085845 -0.8061472
v 94.6376038 46.2825623 -107.4831238
vn -3.4033906 3.1147161 0.0000000
v 94.6376038 46.0121002 -109.5374985
vn -3.4033933 3.0085845 0.8061473
v 94.6376038 46.2825623 -111.5918732
vn -3.4033909 2.6974235 1.5573578
v 94.6376038 47.0755234 -113.5062485
vn -3.4033935 2.2024362 2.2024369
v 94.6376038 48.3369408 -115.1501617
vn -3.4033906 1.5573573 2.6974239
v 94.6376038 49.9808502 -116.4115753
vn -3.4033933 0.8061472 3.0085845
v 94.6376038 51.8952255 -117.2045364
vn -3.4033904 0.0000000 3.1147161
v 94.6376038 53.9496002 -117.4749985
vn -3.4033930 -0.8061473 3.0085845
v 94.6376038 56.0039749 -117.2045364
vn -3.4033906 -1.5573573 2.6974239
v 94.6376038 57.9183502 -116.4115753
vn -3.4033937 -2.2024362 2.2024369
v 94.6376038 59.5622597 -115.1501617
vn -3.4033928 -2.6974247 1.5573554
v 94.6376038 60.8236771 -113.5062485
vn -3.4033899 -3.0085852 0.8061477
v 94.6376038 61.6166344 -111.5918732
vn 3.4033940 -3.1147153 0.0000000
v 97.6376038 61.8871002 -109.5374985
vn 3.4033875 -3.0085850 -0.8061477
v 97.6376038 61.6166344 -107.4831238
vn 3.4033961 -2.6974227 -1.5573583
v 97.6376038 60.8236771 -105.5687485
vn 3.4033890 -2.2024376 -2.2024369
v 97.6376038 59.5622597 -103.9248428
vn 3.4033933 -1.5573611 -2.6974211
v 97.6376038 57.9183502 -102.6634216
vn 3.4033928 -0.8061473 -3.0085845
v 97.6376038 56.0039749 -101.8704605
vn 3.4033904 0.0000000 -3.1147161
v 97.6376038 53.9496002 -101.5999985
vn 3.4033930 0.8061472 -3.0085845
v 97.6376038 51.8952255 -101.8704605
vn 3.4033933 1.5573611 -2.6974211
v 97.6376038 49.9808502 -102.6634216
vn 3.4033880 2.2024379 -2.2024369
v 97.6376038 48.3369408 -103.9248428
vn 3.4033940 2.6974213 -1.5573606
v 97.6376038 47.0755234 -105.5687485
vn 3.4033933 3.0085845 -0.8061473
v 97.6376038 46.2825623 -107.4831238
vn 3.4033906 3.1147161 0.0000000
v 97.6376038 46.0121002 -109.5374985
vn 3.4033930 3.0085845 0.8061472
v 97.6376038 46.2825623 -111.5918732
vn 3.4033909 2.6974237 1.5573578
v 97.6376038 47.0755234 -113.5062485
vn 3.4033933 2.2024362 2.2024369
v 97.6376038 48.3369408 -115.1501617
vn 3.4033906 1.5573574 2.6974239
v 97.6376038 49.9808502 -116.4115753
vn 3.4033933 0.8061473 3.0085845
v 97.6376038 51.8952255 -117.2045364
vn 3.4033904 0.0000000 3.1147161
v 97.6376038 53.9496002 -117.4749985
vn 3.4033933 -0.8061472 3.0085845
v 97.6376038 56.0039749 -117.2045364
vn 3.4033909 -1.5573573 2.6974239
v 97.6376038 57.9183502 -116.4115753
vn 3.4033935 -2.2024362 2.2024369
v 97.6376038 59.5622597 -115.1501617
vn 3.4033926 -2.6974247 1.5573554
v 97.6376038 60.8236771 -113.5062485
vn 3.4033897 -3.0085850 0.8061476
v 97.6376038 61.6166344 -111.5918732
vn 3.4033916 -3.1147153 0.0000000
v 97.6376038 61.8871002 -80.9625015
vn 3.4033897 -3.0085850 -0.8061477
v 97.6376038 61.6166344 -78.9081268
vn 3.4033926 -2.6974247 -1.5573554
v 97.6376038 60.8236771 -76.9937515
vn 3.4033935 -2.2024362 -2.2024369
v 97.6376038 59.5622597 -75.3498383
vn 3.4033909 -1.5573574 -2.6974239
v 97.6376038 57.9183502 -74.0884247
vn 3.4033933 -0.8061473 -3.0085845
v 97.6376038 56.0039749 -73.2954636
vn 3.4033906 0.0000000 -3.1147161
v 97.6376038 53.9496002 -73.0250015
vn 3.4033933 0.8061472 -3.0085845
v 97.6376038 51.8952255 -73.2954636
vn 3.4033906 1.5573573 -2.6974239
v 97.6376038 49.9808502 -74.0884247
vn 3.4033933 2.2024362 -2.2024369
v 97.6376038 48.3369408 -75.3498383
vn 3.4033909 2.6974235 -1.5573579
v 97.6376038 47.0755234 -76.9937515
vn 3.4033930 3.0085845 -0.8061473
v 97.6376038 46.2825623 -78.9081268
vn 3.4033909 3.1147161 0.0000000
v 97.6376038 46.0121002 -80.9625015
vn 3.4033933 3.0085845 0.8061472
v 97.6376038 46.2825623 -83.0168762
vn 3.4033933 2.6974216 1.5573606
v 97.6376038 47.0755234 -84.9312515
vn 3.4033890 2.2024376 2.2024369
v 97.6376038 48.3369408 -86.5751572
vn 3.4033933 1.5573611 2.6974211
v 97.6376038 49.9808502 -87.8365784
vn 3.4033928 0.8061473 3.0085845
v 97.6376038 51.8952255 -88.6295395
vn 3.4033904 0.0000000 3.1147161
v 97.6376038 53.9496002 -88.9000015
vn 3.4033930 -0.8061472 3.0085845
v 97.6376038 56.0039749 -88.6295395
vn 3.4033933 -1.5573611 2.6974211
v 97.6376038 57.9183502 -87.8365784
vn 3.4033880 -2.2024379 2.2024369
v 97.6376038 59.5622597 -86.5751572
vn 3.4033957 -2.6974225 1.5573581
v 97.6376038 60.8236771 -84.9312515
vn 3.4033909 -3.0085850 0.8061476
v 97.6376038 61.6166344 -83.0168762
vn -3.0229456 0.1879426 -3.1303048
v -97.6376038 203.1746063 -133.3500061
vn 3.0994773 0.0661355 -3.1401997
v 81.7626038 203.1746063 -133.3500061
vn 3.0994720 -0.0661355 -3.1401997
v 81.7626038 76.1745987 -133.3500061
vn -3.0229461 -0.1879425 -3.1303048
v -97.6376038 76.1745987 -133.3500061
vn -3.0229459 0.1879426 3.1303048
v -97.6376038 203.1746063 -57.1500015
vn 3.0994782 0.0661318 3.1401997
v 81.7626038 203.1746063 -57.1500015
vn 3.0554147 0.2652711 3.1275234
v 81.7626038 206.3798523 -57.2850647
vn 3.0555618 0.5249488 3.0945487
v 81.7626038 209.5623627 -57.6892967
vn 1.7814828 -0.1122028 4.4673419
v 81.7626038 212.6996002 -58.3598328
vn 1.1985966 -0.9992880 1.4631410
v 97.6376038 212.6996002 -58.3598328
vn 2.9024847 1.4744020 2.7486324
v 97.6376038 221.1839905 -61.6751251
vn 2.9023516 2.0846984 2.3200860
v 97.6376038 228.6389313 -66.9096069
vn 2.9022152 2.5758243 1.7589257
v 97.6376038 234.6382904 -73.7640533
vn 2.9020762 2.9197133 1.0972281
v 97.6376038 238.8391571 -81.8466721
vn 2.9019341 3.0967023 0.3728140
v 97.6376038 241.0013885 -90.6954422
vn 2.9019344 3.0967038 -0.3728140
v 97.6376038 241.0013885 -99.8045578
vn 2.9020762 2.9197133 -1.0972281
v 97.6376038 238.8391571 -108.6533279
vn 2.9022162 2.5758243 -1.7589257
v 97.6376038 234.6382904 -116.7359467
vn 2.9023509 2.0846984 -2.3200860
v 97.6376038 228.6389313 -123.5903931
vn 2.9022720 1.4742309 -2.7486992
v 97.6376038 221.1839905 -128.8248749
vn 1.1982880 -0.9991001 -1.4630669
v 97.6376038 212.6996002 -132.1401672
vn 1.7820038 -0.1000557 -4.4626284
v 81.7626038 212.6996002 -132.1401672
vn 3.0555644 0.5249489 -3.0945492
v 81.7626038 209.5623627 -132.8106995
vn 3.0554168 0.2652766 -3.1275234
v 81.7626038 206.3798523 -133.2149353
vn -2.9025350 0.7474947 -3.0279808
v -97.6376038 212.2925262 -132.2428894
vn -2.9006524 1.4494102 -2.7614794
v -97.6376038 220.8805542 -128.9858704
vn -2.9004872 2.0681338 -2.3343761
v -97.6376038 228.4395752 -123.7682571
vn -2.9003515 2.5666811 -1.7715981
v -97.6376038 234.5302887 -116.8932648
vn -2.9002137 2.9160590 -1.1058667
v -97.6376038 238.7987213 -108.7604446
vn -2.9000740 3.0959640 -0.3758719
v -97.6376038 240.9968109 -99.8424454
vn -2.9000738 3.0959644 0.3758719
v -97.6376038 240.9968109 -90.6575546
vn -2.9002137 2.9160590 1.1058668
v -97.6376038 238.7987213 -81.7395554
vn -2.9003513 2.5666811 1.7715982
v -97.6376038 234.5302887 -73.6067352
vn -2.9004874 2.0681343 2.3343759
v -97.6376038 228.4395752 -66.7317429
vn -2.9006517 1.4494103 2.7614832
v -97.6376038 220.8805542 -61.5141258
vn -2.9025364 0.7474930 3.0279813
v -97.6376038 212.2925262 -58.2571182
vn -3.0229459 -0.1879425 3.1303048
v -97.6376038 76.1745987 -57.1500015
vn 3.0994797 -0.0661318 3.1401999
v 81.7626038 76.1745987 -57.1500015
vn 3.0554175 -0.2652761 -3.1275232
v 81.7626038 72.9693527 -133.2149353
vn 3.0555613 -0.5249484 -3.0945492
v 81.7626038 69.7868347 -132.8106995
vn 1.7814813 0.1122025 -4.4673414
v 81.7626038 66.6495972 -132.1401672
vn 1.1985964 0.9992875 -1.4631408
v 97.6376038 66.6495972 -132.1401672
vn 2.9024854 -1.4744024 -2.7486324
v 97.6376038 58.1652145 -128.8248749
vn 2.9023523 -2.0846975 -2.3200872
v 97.6376038 50.7102737 -123.5903931
vn 2.9022155 -2.5758247 -1.7589267
v 97.6376038 44.7109032 -116.7359467
vn 2.9020760 -2.9197135 -1.0972275
v 97.6376038 40.5100403 -108.6533279
vn 2.9019349 -3.0967023 -0.3728140
v 97.6376038 38.3478088 -99.8045578
vn 2.9019346 -3.0967038 0.3728140
v 97.6376038 38.3478088 -90.6954422
vn 2.9020760 -2.9197135 1.0972275
v 97.6376038 40.5100403 -81.8466721
vn 2.9022155 -2.5758247 1.7589267
v 97.6376038 44.7109032 -73.7640533
vn 2.9023523 -2.0846975 2.3200872
v 97.6376038 50.7102737 -66.9096069
vn 2.9022732 -1.4742312 2.7486989
v 97.6376038 58.1652145 -61.6751251
vn 1.1982880 0.9990997 1.4630667
v 97.6376038 66.6495972 -58.3598328
vn 1.7820057 0.1000532 4.4626279
v 81.7626038 66.6495972 -58.3598328
vn 3.0555627 -0.5249484 3.0945492
v 81.7626038 69.7868347 -57.6892967
vn 3.0554147 -0.2652707 3.1275239
v 81.7626038 72.9693527 -57.2850647
vn -2.9025369 -0.7474931 3.0279813
v -97.6376038 67.0566711 -58.2571182
vn -2.9006515 -1.4494091 2.7614794
v -97.6376038 58.4686470 -61.5141258
vn -2.9004869 -2.0681345 2.3343754
v -97.6376038 50.9096260 -66.7317429
vn -2.9003522 -2.5666809 1.7715983
v -97.6376038 44.8189163 -73.6067352
vn -2.9002137 -2.9160585 1.1058673
v -97.6376038 40.5504799 -81.7395554
vn -2.9000740 -3.0959640 0.3758719
v -97.6376038 38.3523903 -90.6575546
vn -2.9000740 -3.0959644 -0.3758719
v -97.6376038 38.3523903 -99.8424454
vn -2.9002137 -2.9160585 -1.1058673
v -97.6376038 40.5504799 -108.7604446
vn -2.9003522 -2.5666809 -1.7715983
v -97.6376038 44.8189163 -116.8932648
vn -2.9004869 -2.0681343 -2.3343756
v -97.6376038 50.9096260 -123.7682571
vn -2.9006541 -1.4494117 -2.7614827
v -97.6376038 58.4686470 -128.9858704
vn -2.9025350 -0.7474949 -3.0279808
v -97.6376038 67.0566711 -132.2428894
# 816 vertices, 0 vertices normals


usemtl material_0
vt -0.0000000 -2.2858360
vt -0.3000000 -2.2858360
vt -0.0000000 -2.4936390
f 2/1/2 48/2/48 1/3/1
vt -0.3000000 -2.4936390
f 1/3/1 48/2/48 25/4/25
vt -0.0000000 2.4936390
vt -0.3000000 2.4936390
vt -0.0000000 2.2858360
f 1/5/1 25/6/25 24/7/24
vt -0.3000000 2.2858360
f 24/7/24 25/6/25 26/8/26
vt -0.0000000 2.0780330
f 24/7/24 26/8/26 23/9/23
vt -0.3000000 2.0780330
f 23/9/23 26/8/26 27/10/27
vt -0.0000000 1.8702290
f 23/9/23 27/10/27 22/11/22
vt -0.3000000 1.8702290
f 22/11/22 27/10/27 28/12/28
vt -0.0000000 1.6624260
f 22/11/22 28/12/28 21/13/21
vt -0.3000000 1.6624260
f 21/13/21 28/12/28 29/14/29
vt -0.0000000 1.4546230
f 21/13/21 29/14/29 20/15/20
vt -0.3000000 1.4546230
f 20/15/20 29/14/29 30/16/30
vt -0.0000000 1.2468200
f 20/15/20 30/16/30 19/17/19
vt -0.3000000 1.2468200
f 19/17/19 30/16/30 31/18/31
vt -0.0000000 1.0390160
f 19/17/19 31/18/31 18/19/18
vt -0.3000000 1.0390160
f 18/19/18 31/18/31 32/20/32
vt -0.0000000 0.8312130
f 18/19/18 32/20/32 17/21/17
vt -0.3000000 0.8312130
f 17/21/17 32/20/32 33/22/33
vt -0.0000000 0.6234100
f 17/21/17 33/22/33 16/23/16
vt -0.3000000 0.6234100
f 16/23/16 33/22/33 34/24/34
vt -0.0000000 0.4156070
f 16/23/16 34/24/34 15/25/15
vt -0.3000000 0.4156070
f 15/25/15 34/24/34 35/26/35
vt -0.0000000 0.2078030
f 15/25/15 35/26/35 14/27/14
vt -0.3000000 0.2078030
f 14/27/14 35/26/35 36/28/36
vt -0.0000000 0.0000000
f 14/27/14 36/28/36 13/29/13
vt -0.3000000 0.0000000
f 13/29/13 36/28/36 37/30/37
vt -0.0000000 -0.2078030
f 13/29/13 37/30/37 12/31/12
vt -0.3000000 -0.2078030
f 12/31/12 37/30/37 38/32/38
vt -0.0000000 -0.4156070
f 12/31/12 38/32/38 11/33/11
vt -0.3000000 -0.4156070
f 11/33/11 38/32/38 39/34/39
vt -0.0000000 -0.6234100
f 11/33/11 39/34/39 10/35/10
vt -0.3000000 -0.6234100
f 10/35/10 39/34/39 40/36/40
vt -0.0000000 -0.8312130
f 10/35/10 40/36/40 9/37/9
vt -0.3000000 -0.8312130
f 9/37/9 40/36/40 41/38/41
vt -0.0000000 -1.0390160
f 9/37/9 41/38/41 8/39/8
vt -0.3000000 -1.0390160
f 8/39/8 41/38/41 42/40/42
vt -0.0000000 -1.2468200
f 8/39/8 42/40/42 7/41/7
vt -0.3000000 -1.2468200
f 7/41/7 42/40/42 43/42/43
vt -0.0000000 -1.4546230
f 7/41/7 43/42/43 6/43/6
vt -0.3000000 -1.4546230
f 6/43/6 43/42/43 44/44/44
vt -0.0000000 -1.6624260
f 6/43/6 44/44/44 5/45/5
vt -0.3000000 -1.6624260
f 5/45/5 44/44/44 45/46/45
vt -0.0000000 -1.8702290
f 5/45/5 45/46/45 4/47/4
vt -0.3000000 -1.8702290
f 4/47/4 45/46/45 46/48/46
vt -0.0000000 -2.0780330
f 4/47/4 46/48/46 3/49/3
vt -0.3000000 -2.0780330
f 3/49/3 46/48/46 47/50/47
f 3/49/3 47/50/47 2/1/2
f 2/1/2 47/50/47 48/2/48
f 50/1/50 96/2/96 49/3/49
f 49/3/49 96/2/96 73/4/73
f 49/5/49 73/6/73 72/7/72
f 72/7/72 73/6/73 74/8/74
f 72/7/72 74/8/74 71/9/71
f 71/9/71 74/8/74 75/10/75
f 71/9/71 75/10/75 70/11/70
f 70/11/70 75/10/75 76/12/76
f 70/11/70 76/12/76 69/13/69
f 69/13/69 76/12/76 77/14/77
f 69/13/69 77/14/77 68/15/68
f 68/15/68 77/14/77 78/16/78
f 68/15/68 78/16/78 67/17/67
f 67/17/67 78/16/78 79/18/79
f 67/17/67 79/18/79 66/19/66
f 66/19/66 79/18/79 80/20/80
f 66/19/66 80/20/80 65/21/65
f 65/21/65 80/20/80 81/22/81
f 65/21/65 81/22/81 64/23/64
f 64/23/64 81/22/81 82/24/82
f 64/23/64 82/24/82 63/25/63
f 63/25/63 82/24/82 83/26/83
f 63/25/63 83/26/83 62/27/62
f 62/27/62 83/26/83 84/28/84
f 62/27/62 84/28/84 61/29/61
f 61/29/61 84/28/84 85/30/85
f 61/29/61 85/30/85 60/31/60
f 60/31/60 85/30/85 86/32/86
f 60/31/60 86/32/86 59/33/59
f 59/33/59 86/32/86 87/34/87
f 59/33/59 87/34/87 58/35/58
f 58/35/58 87/34/87 88/36/88
f 58/35/58 88/36/88 57/37/57
f 57/37/57 88/36/88 89/38/89
f 57/37/57 89/38/89 56/39/56
f 56/39/56 89/38/89 90/40/90
f 56/39/56 90/40/90 55/41/55
f 55/41/55 90/40/90 91/42/91
f 55/41/55 91/42/91 54/43/54
f 54/43/54 91/42/91 92/44/92
f 54/43/54 92/44/92 53/45/53
f 53/45/53 92/44/92 93/46/93
f 53/45/53 93/46/93 52/47/52
f 52/47/52 93/46/93 94/48/94
f 52/47/52 94/48/94 51/49/51
f 51/49/51 94/48/94 95/50/95
f 51/49/51 95/50/95 50/1/50
f 50/1/50 95/50/95 96/2/96
vt 0.0000000 6.3499999
vt -0.5083620 6.3499999
f 97/51/97 98/52/98 100/29/100
vt -0.5083620 0.0000000
f 100/29/100 98/52/98 99/53/99
vt -0.1676260 1.5532920
vt -0.6637100 0.6350000
vt -0.6634310 0.0000000
f 102/54/102 110/55/110 101/56/101
vt -0.9815790 0.6350000
f 101/56/101 110/55/110 111/57/111
vt -1.2358750 0.6350000
f 101/56/101 111/57/111 106/58/106
vt -1.2358750 5.7150002
f 106/58/106 111/57/111 109/59/109
vt -0.9815790 5.7150002
f 109/59/109 111/57/111 112/60/112
vt -0.6634310 6.3499999
f 109/59/109 112/60/112 105/61/105
vt -0.6637100 5.7150002
f 105/61/105 112/60/112 113/62/113
vt -0.1676260 4.7967081
f 105/61/105 113/62/113 104/63/104
vt -0.0000000 3.1750000
f 104/63/104 113/62/113 103/64/103
f 103/64/103 113/62/113 110/55/110
f 103/64/103 110/55/110 102/54/102
vt -1.5537440 5.7150002
f 109/59/109 105/61/105 108/65/108
vt -7.5932541 6.3499999
f 108/65/108 105/61/105 97/66/97
vt -7.5932541 0.0000000
f 108/65/108 97/66/97 100/67/100
vt -1.5537440 0.6350000
f 108/65/108 100/67/100 107/68/107
f 107/68/107 100/67/100 101/56/101
f 107/68/107 101/56/101 106/58/106
vt -0.5083620 17.6491909
vt -0.5083620 12.2567701
vt -0.1551330 17.5446377
f 115/69/115 116/70/116 114/71/114
vt -0.1551330 12.2555943
f 114/71/114 116/70/116 117/72/117
vt 0.3530600 0.3657600
vt 7.2748389 0.0319570
f 100/73/100 99/29/99 101/74/101
vt 7.2748389 0.0000000
f 101/74/101 99/29/99 118/75/118
vt -0.0000000 -0.0472820
vt -0.0000000 0.3556000
vt -0.3175000 -0.0319700
f 112/76/112 119/77/119 113/78/113
vt -0.3175000 0.3556000
f 113/78/113 119/77/119 120/79/120
vt -5.0799999 -0.0472820
vt -5.0799999 0.3556000
f 112/80/112 111/76/111 119/81/119
f 119/81/119 111/76/111 121/77/121
vt -0.3175000 -0.0472820
vt -0.0000000 -0.0319700
f 111/82/111 110/83/110 121/79/121
f 121/79/121 110/83/110 122/77/122
vt -0.0000000 -0.0748420
vt -0.3175000 -0.0595310
f 108/84/108 123/77/123 109/85/109
f 109/85/109 123/77/123 124/79/124
vt -5.0799999 -0.0748420
f 108/86/108 107/84/107 123/81/123
f 123/81/123 107/84/107 125/77/125
vt -0.3175000 -0.0748420
vt -0.0000000 -0.0595310
f 107/87/107 106/88/106 125/79/125
f 125/79/125 106/88/106 126/77/126
vt 0.0000000 4.4089661
vt 0.0000000 2.9394629
vt 0.3175000 4.2541552
f 116/89/116 127/90/127 117/91/117
vt 0.3175000 2.8362560
f 117/91/117 127/90/127 132/92/132
vt 0.0000000 1.4699600
f 132/92/132 127/90/127 128/93/128
vt 0.3175000 1.4183559
f 132/92/132 128/93/128 131/94/131
vt 0.0000000 0.0004570
f 131/94/131 128/93/128 129/95/129
vt 0.3175000 0.0004570
f 131/94/131 129/95/129 130/96/130
vt 6.9217792 0.3657600
vt -0.0000000 0.0319570
f 97/97/97 105/98/105 98/75/98
f 98/75/98 105/98/105 133/29/133
vt -3.1750000 3.3060889
vt -4.5127869 2.5610790
vt -3.1750000 -3.9687500
f 133/99/133 134/100/134 98/101/98
vt -5.6826282 1.5730580
f 98/101/98 134/100/134 135/102/135
vt -6.6409888 0.3787980
f 98/101/98 135/102/135 136/103/136
vt -7.3522029 -0.9772580
f 136/103/136 137/104/137 98/101/98
vt -7.7898021 -2.4446440
f 98/101/98 137/104/137 138/105/138
vt -7.9375000 -3.9687500
f 98/101/98 138/105/138 139/106/139
vt 3.1750000 3.3060889
vt 3.1750000 -3.9687500
vt 4.5127869 2.5610790
f 118/107/118 99/108/99 145/109/145
vt 5.6826282 1.5730580
f 145/109/145 99/108/99 144/110/144
vt 6.6409888 0.3787980
f 144/110/144 99/108/99 143/111/143
vt 7.3522029 -0.9772580
f 143/111/143 99/108/99 142/112/142
vt 7.7898021 -2.4446440
f 142/112/142 99/108/99 141/113/141
vt 7.9375000 -3.9687500
f 141/113/141 99/108/99 140/114/140
vt 1.0097510 -8.2584763
vt 1.3994900 8.0048103
vt 1.0097510 8.2584763
f 147/115/147 178/116/178 146/117/146
vt 1.0920020 8.4716997
f 146/117/146 178/116/178 173/118/173
vt 1.0472420 8.4081478
f 146/117/146 173/118/173 174/119/174
vt 1.0192660 -8.3356237
vt 1.0472420 -8.4081478
f 148/120/148 149/121/149 147/115/147
vt 1.0920020 -8.4716997
f 147/115/147 149/121/149 150/122/150
vt 1.3994900 -8.0048103
f 147/115/147 150/122/150 177/123/177
vt 1.1508631 -8.5224724
f 177/123/177 150/122/150 151/124/151
vt 2.4942300 -8.7007704
f 177/123/177 151/124/151 176/125/176
vt 6.9900298 -11.5887499
f 176/125/176 151/124/151 180/126/180
vt 5.3609691 -5.6126599
f 176/125/176 180/126/180 190/127/190
vt 6.9900298 -8.1429663
f 190/127/190 180/126/180 129/128/129
vt 6.6256561 -6.5997901
f 190/127/190 129/128/129 189/129/189
vt 8.0685272 -7.3332939
f 189/129/189 129/128/129 188/130/188
vt 8.3638792 -8.6608849
f 188/130/188 129/128/129 128/131/128
vt 9.6341343 -7.7849832
f 188/130/188 128/131/128 187/132/187
vt 9.7978954 -8.9759998
f 187/132/187 128/131/128 127/133/127
vt 11.2623100 -7.9375000
f 187/132/187 127/133/127 139/134/139
vt 11.2623100 -9.0817699
f 139/134/139 127/133/127 116/135/116
vt 12.1767101 -15.2953606
f 139/134/139 116/135/116 161/136/161
vt 11.2623100 -14.4741898
f 161/136/161 116/135/116 115/137/115
vt 11.7506247 -15.5937157
f 161/136/161 115/137/115 153/138/153
vt 11.6828232 -15.5593567
f 153/138/153 115/137/115 152/139/152
f 152/139/152 115/137/115 180/126/180
f 152/139/152 180/126/180 151/124/151
vt 11.8246498 -15.6109743
f 153/138/153 154/140/154 161/136/161
vt 11.9006567 -15.6101437
f 161/136/161 154/140/154 155/141/155
vt 11.9742880 -15.5912724
f 161/136/161 155/141/155 156/142/156
vt 12.0413227 -15.5554399
f 156/142/156 157/143/157 161/136/161
vt 12.0979214 -15.5047007
f 161/136/161 157/143/157 158/144/158
vt 12.1408367 -15.4419651
f 161/136/161 158/144/158 159/145/159
vt 12.1676111 -15.3708248
f 159/145/159 160/146/160 161/136/161
vt 12.1767101 15.2953606
vt 11.2623100 3.1750000
f 162/147/162 99/148/99 161/136/161
vt 11.2623100 -3.1750000
f 161/136/161 99/148/99 98/149/98
f 161/136/161 98/149/98 139/134/139
vt 12.1676111 15.3708248
vt 12.1408367 15.4419651
f 163/150/163 164/151/164 162/147/162
vt 12.0979214 15.5047007
f 162/147/162 164/151/164 165/152/165
vt 12.0413227 15.5554399
f 162/147/162 165/152/165 166/153/166
vt 11.9742880 15.5912724
f 166/153/166 167/154/167 162/147/162
vt 11.9006567 15.6101437
f 162/147/162 167/154/167 168/155/168
vt 11.8246498 15.6109743
f 162/147/162 168/155/168 169/156/169
vt 11.7506247 15.5937157
f 169/156/169 170/157/170 162/147/162
vt 11.2623100 14.4741898
f 162/147/162 170/157/170 182/158/182
vt 11.2623100 9.0817699
f 162/147/162 182/158/182 183/159/183
vt 11.6828232 15.5593567
f 170/157/170 171/160/171 182/158/182
vt 6.9900298 11.5887499
f 182/158/182 171/160/171 181/161/181
vt 1.1508631 8.5224724
f 181/161/181 171/160/171 172/162/172
vt 2.4942300 8.7007704
f 181/161/181 172/162/172 179/163/179
f 179/163/179 172/162/172 178/116/178
f 178/116/178 172/162/172 173/118/173
vt 1.0192660 8.3356237
f 174/119/174 175/164/175 146/117/146
f 177/123/177 178/116/178 147/115/147
vt 2.9165540 -0.0000000
f 176/125/176 194/165/194 179/163/179
vt 3.0769150 1.5485290
f 179/163/179 194/165/194 195/166/195
vt 3.5518370 3.0375500
f 179/163/179 195/166/195 196/167/196
vt 11.2623100 7.9375000
f 162/147/162 183/159/183 140/168/140
vt 9.7978954 8.9759998
f 140/168/140 183/159/183 184/169/184
vt 9.6341343 7.7849832
f 140/168/140 184/169/184 201/170/201
vt 8.3638792 8.6608849
f 201/170/201 184/169/184 185/171/185
vt 8.0685272 7.3332939
f 201/170/201 185/171/185 200/172/200
vt 6.9900298 8.1429663
f 200/172/200 185/171/185 186/173/186
vt 6.6256561 6.5997901
f 200/172/200 186/173/186 199/174/199
vt 5.3609691 5.6126599
f 199/174/199 186/173/186 198/175/198
f 198/175/198 186/173/186 181/161/181
f 198/175/198 181/161/181 179/163/179
vt 4.3230672 -4.4098392
f 190/127/190 191/176/191 176/125/176
vt 3.5518370 -3.0375500
f 176/125/176 191/176/191 192/177/192
vt 3.0769150 -1.5485290
f 176/125/176 192/177/192 193/178/193
f 193/178/193 194/165/194 176/125/176
vt 4.3230672 4.4098392
f 196/167/196 197/179/197 179/163/179
f 179/163/179 197/179/197 198/175/198
f 140/168/140 99/148/99 162/147/162
vt 5.1553988 -0.0000000
vt 0.0000000 0.3175000
f 182/29/182 181/180/181 203/181/203
vt 5.1553988 0.3175000
f 203/181/203 181/180/181 202/182/202
vt 5.3924198 0.0000000
f 183/29/183 182/183/182 204/181/204
vt 5.3924198 0.3175000
f 204/181/204 182/183/182 203/184/203
vt 0.3175000 4.4085088
vt 0.0000000 4.4085088
vt 0.3175000 2.9390061
f 207/185/207 186/186/186 206/187/206
vt 0.0000000 2.9390061
f 206/187/206 186/186/186 185/188/185
vt 0.3175000 1.4695030
f 206/187/206 185/188/185 205/189/205
vt 0.0000000 1.4695030
f 205/189/205 185/188/185 184/190/184
vt 0.3175000 0.0000000
f 205/189/205 184/190/184 204/191/204
f 204/191/204 184/190/184 183/29/183
vt 3.4457841 0.0000000
f 181/29/181 186/192/186 202/181/202
vt 3.4457841 0.3175000
f 202/181/202 186/192/186 207/193/207
vt -3.1656120 2.1361401
vt -2.6476929 0.7622910
vt 0.2801720 2.1361401
f 207/194/207 206/195/206 202/196/202
vt -2.3325779 -0.6717250
f 202/196/202 206/195/206 205/197/205
vt 3.1656120 -2.1361401
f 202/196/202 205/197/205 203/198/203
vt -2.2268081 -2.1361401
f 203/198/203 205/197/205 204/199/204
vt 4.9685960 0.3175000
f 115/180/115 114/200/114 180/29/180
f 180/29/180 114/200/114 208/181/208
f 129/29/129 180/192/180 130/181/130
f 130/181/130 180/192/180 208/193/208
vt 2.2279840 -1.9813360
vt 2.3479259 -0.5696660
vt -3.0610590 -1.9813360
f 117/201/117 132/202/132 114/203/114
vt -0.2801720 2.1361401
f 114/203/114 132/202/132 208/204/208
vt 2.6624961 0.8117260
f 208/204/208 132/202/132 131/205/131
vt 3.1656120 2.1361401
f 208/204/208 131/205/131 130/206/130
vt 1.2972341 0.0000000
f 177/29/177 176/207/176 210/181/210
vt 1.2972341 0.3175000
f 210/181/210 176/207/176 209/208/209
vt 16.0096207 0.0000000
f 178/29/178 177/209/177 211/181/211
vt 16.0096207 0.3175000
f 211/181/211 177/209/177 210/210/210
f 179/29/179 178/207/178 212/181/212
f 212/181/212 178/207/178 211/208/211
vt 17.4015408 0.0000000
f 176/29/176 179/211/179 209/181/209
vt 17.4015408 0.3175000
f 209/181/209 179/211/179 212/212/212
vt -8.7007704 -0.5473700
vt 8.7007704 -0.5473700
vt -8.0048103 0.5473700
f 209/213/209 212/214/212 210/215/210
vt 8.0048103 0.5473700
f 210/215/210 212/214/212 211/216/211
vt -16.5169525 0.0000000
vt -16.5169525 0.1000000
f 147/217/147 146/29/146 214/218/214
vt -0.0000000 0.1000000
f 214/218/214 146/29/146 213/219/213
vt -0.1000000 -0.3117120
vt 0.0000000 -0.3117120
vt -0.1000000 -0.2337840
f 213/220/213 146/221/146 218/222/218
vt 0.0000000 -0.2337840
f 218/222/218 146/221/146 175/223/175
vt -0.1000000 -0.1558560
f 218/222/218 175/223/175 217/224/217
vt 0.0000000 -0.1558560
f 217/224/217 175/223/175 174/225/174
vt -0.1000000 -0.0779280
f 217/224/217 174/225/174 216/226/216
vt 0.0000000 -0.0779280
f 216/226/216 174/225/174 173/227/173
vt -0.1000000 -0.0000000
f 216/226/216 173/227/173 215/228/215
f 215/228/215 173/227/173 172/29/172
vt -12.6664877 -0.0000000
vt -12.6664877 0.1000000
f 172/229/172 171/29/171 215/230/215
f 215/230/215 171/29/171 219/219/219
vt -0.1000000 -0.6857440
vt 0.0000000 -0.6857440
vt -0.1000000 -0.6095500
f 219/231/219 171/232/171 228/233/228
vt 0.0000000 -0.6095500
f 228/233/228 171/232/171 170/234/170
vt -0.1000000 -0.5333560
f 228/233/228 170/234/170 227/235/227
vt 0.0000000 -0.5333560
f 227/235/227 170/234/170 169/236/169
vt -0.1000000 -0.4571620
f 227/235/227 169/236/169 226/237/226
vt 0.0000000 -0.4571620
f 226/237/226 169/236/169 168/238/168
vt -0.1000000 -0.3809690
f 226/237/226 168/238/168 225/239/225
vt 0.0000000 -0.3809690
f 225/239/225 168/238/168 167/240/167
vt -0.1000000 -0.3047750
f 225/239/225 167/240/167 224/241/224
vt 0.0000000 -0.3047750
f 224/241/224 167/240/167 166/242/166
vt -0.1000000 -0.2285810
f 224/241/224 166/242/166 223/243/223
vt 0.0000000 -0.2285810
f 223/243/223 166/242/166 165/244/165
vt -0.1000000 -0.1523870
f 223/243/223 165/244/165 222/245/222
vt 0.0000000 -0.1523870
f 222/245/222 165/244/165 164/246/164
vt -0.1000000 -0.0761940
f 222/245/222 164/246/164 221/247/221
vt 0.0000000 -0.0761940
f 221/247/221 164/246/164 163/248/163
f 221/247/221 163/248/163 220/228/220
f 220/228/220 163/248/163 162/29/162
vt -30.5907211 -0.0000000
vt -30.5907211 0.1000000
f 162/249/162 161/29/161 220/250/220
f 220/250/220 161/29/161 229/219/229
f 229/231/229 161/232/161 238/233/238
f 238/233/238 161/232/161 160/234/160
f 238/233/238 160/234/160 237/235/237
f 237/235/237 160/234/160 159/236/159
f 237/235/237 159/236/159 236/237/236
f 236/237/236 159/236/159 158/238/158
f 236/237/236 158/238/158 235/239/235
f 235/239/235 158/238/158 157/240/157
f 235/239/235 157/240/157 234/241/234
f 234/241/234 157/240/157 156/242/156
f 234/241/234 156/242/156 233/243/233
f 233/243/233 156/242/156 155/244/155
f 233/243/233 155/244/155 232/245/232
f 232/245/232 155/244/155 154/246/154
f 232/245/232 154/246/154 231/247/231
f 231/247/231 154/246/154 153/248/153
f 231/247/231 153/248/153 230/228/230
f 230/228/230 153/248/153 152/29/152
f 152/229/152 151/29/151 230/230/230
f 230/230/230 151/29/151 239/219/239
f 239/220/239 151/221/151 242/222/242
f 242/222/242 151/221/151 150/223/150
f 242/222/242 150/223/150 241/224/241
f 241/224/241 150/223/150 149/225/149
f 241/224/241 149/225/149 240/226/240
f 240/226/240 149/225/149 148/227/148
f 240/226/240 148/227/148 214/228/214
f 214/228/214 148/227/148 147/29/147
f 243/229/243 244/29/244 246/230/246
f 246/230/246 244/29/244 245/219/245
vt 0.1000000 -0.0000000
vt 0.1000000 -0.1523870
f 245/251/245 244/29/244 264/252/264
f 264/252/264 244/29/244 247/246/247
vt 0.1000000 -0.3047750
f 264/252/264 247/246/247 263/253/263
f 263/253/263 247/246/247 248/242/248
vt 0.1000000 -0.4571620
f 263/253/263 248/242/248 262/254/262
f 262/254/262 248/242/248 249/238/249
vt 0.1000000 -0.6095500
f 262/254/262 249/238/249 261/255/261
f 261/255/261 249/238/249 250/234/250
vt 0.1000000 -0.7619370
f 261/255/261 250/234/250 260/256/260
vt -0.0000000 -0.7619370
f 260/256/260 250/234/250 251/257/251
vt 0.1000000 -0.9143250
f 260/256/260 251/257/251 259/258/259
vt -0.0000000 -0.9143250
f 259/258/259 251/257/251 252/259/252
vt 0.1000000 -1.0667120
f 259/258/259 252/259/252 258/260/258
vt -0.0000000 -1.0667120
f 258/260/258 252/259/252 253/261/253
vt 0.1000000 -1.2191000
f 258/260/258 253/261/253 257/262/257
vt -0.0000000 -1.2191000
f 257/262/257 253/261/253 254/263/254
vt 0.1000000 -1.3714870
f 257/262/257 254/263/254 256/264/256
vt 0.0000000 -1.3714870
f 256/264/256 254/263/254 255/265/255
f 255/249/255 265/29/265 256/250/256
f 256/250/256 265/29/265 266/219/266
f 266/251/266 265/29/265 284/252/284
f 284/252/284 265/29/265 267/246/267
f 284/252/284 267/246/267 283/253/283
f 283/253/283 267/246/267 268/242/268
f 283/253/283 268/242/268 282/254/282
f 282/254/282 268/242/268 269/238/269
f 282/254/282 269/238/269 281/255/281
f 281/255/281 269/238/269 270/234/270
f 281/255/281 270/234/270 280/256/280
f 280/256/280 270/234/270 271/257/271
f 280/256/280 271/257/271 279/258/279
f 279/258/279 271/257/271 272/259/272
f 279/258/279 272/259/272 278/260/278
f 278/260/278 272/259/272 273/261/273
f 278/260/278 273/261/273 277/262/277
f 277/262/277 273/261/273 274/263/274
f 277/262/277 274/263/274 276/264/276
f 276/264/276 274/263/274 275/265/275
f 275/229/275 285/29/285 276/230/276
f 276/230/276 285/29/285 286/219/286
vt 0.1000000 -0.1558560
f 286/251/286 285/29/285 294/266/294
f 294/266/294 285/29/285 287/225/287
vt 0.1000000 -0.3117120
f 294/266/294 287/225/287 293/267/293
f 293/267/293 287/225/287 288/221/288
vt 0.1000000 -0.4675680
f 293/267/293 288/221/288 292/268/292
vt -0.0000000 -0.4675680
f 292/268/292 288/221/288 289/269/289
vt 0.1000000 -0.6234240
f 292/268/292 289/269/289 291/270/291
vt -0.0000000 -0.6234240
f 291/270/291 289/269/289 290/271/290
f 290/217/290 295/29/295 291/218/291
f 291/218/291 295/29/295 296/219/296
f 296/251/296 295/29/295 302/266/302
f 302/266/302 295/29/295 297/225/297
f 302/266/302 297/225/297 301/267/301
f 301/267/301 297/225/297 298/221/298
f 301/267/301 298/221/298 300/268/300
f 300/268/300 298/221/298 299/269/299
f 300/268/300 299/269/299 246/270/246
f 246/270/246 299/269/299 243/271/243
vt -8.4716997 5.5012279
vt -8.7864666 5.6187549
vt -8.5224724 5.4423671
f 242/272/242 246/273/246 239/274/239
vt -15.8233519 -4.9132051
f 239/274/239 246/273/246 245/275/245
vt -15.5593567 -5.0895920
f 239/274/239 245/275/245 230/276/230
vt -15.8920698 -5.0488091
f 230/276/230 245/275/245 264/277/264
vt -15.5937157 -5.1573939
f 230/276/230 264/277/264 231/278/231
vt -15.9265881 -5.1968598
f 231/278/231 264/277/264 263/279/263
vt -15.6109743 -5.2314200
f 231/278/231 263/279/263 232/280/232
vt -15.6101437 -5.3074269
f 232/280/232 263/279/263 233/281/233
vt -15.9249268 -5.3488731
f 233/281/233 263/279/263 262/282/262
vt -15.5912724 -5.3810582
f 233/281/233 262/282/262 234/283/234
vt -15.8871832 -5.4961352
f 234/283/234 262/282/262 261/284/261
vt -15.5554399 -5.4480929
f 234/283/234 261/284/261 235/285/235
vt -15.5047007 -5.5046902
f 235/285/235 261/284/261 236/286/236
vt -15.8155193 -5.6302061
f 236/286/236 261/284/261 260/287/260
vt -15.4419651 -5.5476060
f 236/286/236 260/287/260 237/288/237
vt -15.3708248 -5.5743809
f 237/288/237 260/287/260 238/289/238
vt -15.7140417 -5.7434011
f 238/289/238 260/287/260 259/290/259
vt -15.2953606 -5.5834799
f 238/289/238 259/290/259 229/291/229
vt -15.5885677 -5.8292332
f 229/291/229 259/290/259 258/292/258
vt -15.4462900 -5.8827820
f 229/291/229 258/292/258 257/293/257
vt -8.4081478 5.5459881
f 242/272/242 241/294/241 246/273/246
vt -8.3356237 5.5739641
f 246/273/246 241/294/241 240/295/240
vt -8.6849241 5.7364759
f 246/273/246 240/295/240 300/296/300
vt -8.2584763 5.5834799
f 300/296/300 240/295/240 214/297/214
vt -8.5578194 5.8259959
f 300/296/300 214/297/214 301/298/301
vt -8.4127722 5.8819489
f 301/298/301 214/297/214 302/299/302
vt -8.2584763 5.9009800
f 302/299/302 214/297/214 296/300/296
vt 8.2584763 5.5834799
f 296/300/296 214/297/214 213/301/213
vt 8.2584763 5.9009800
f 296/300/296 213/301/213 291/302/291
vt 8.4127722 5.8819489
f 291/302/291 213/301/213 292/303/292
vt 8.5578194 5.8259959
f 292/303/292 213/301/213 293/304/293
vt 8.6849241 5.7364759
f 293/304/293 213/301/213 294/305/294
vt 8.3356237 5.5739641
f 294/305/294 213/301/213 218/306/218
vt 8.7864666 5.6187549
f 294/305/294 218/306/218 286/307/286
vt 8.4081478 5.5459881
f 286/307/286 218/306/218 217/308/217
vt 8.4716997 5.5012279
f 286/307/286 217/308/217 216/309/216
vt 8.5224724 5.4423671
f 216/309/216 215/310/215 286/307/286
vt 15.8233519 -4.9132051
f 286/307/286 215/310/215 276/311/276
vt 15.5593567 -5.0895920
f 276/311/276 215/310/215 219/312/219
vt 15.8920698 -5.0488091
f 276/311/276 219/312/219 277/313/277
vt 15.5937157 -5.1573939
f 277/313/277 219/312/219 228/314/228
vt 15.9265881 -5.1968598
f 277/313/277 228/314/228 278/315/278
vt 15.6109743 -5.2314200
f 278/315/278 228/314/228 227/316/227
vt 15.6101437 -5.3074269
f 278/315/278 227/316/227 226/317/226
vt 15.9249268 -5.3488731
f 278/315/278 226/317/226 279/318/279
vt 15.5912724 -5.3810582
f 279/318/279 226/317/226 225/319/225
vt 15.8871832 -5.4961352
f 279/318/279 225/319/225 280/320/280
vt 15.5554399 -5.4480929
f 280/320/280 225/319/225 224/321/224
vt 15.5047007 -5.5046902
f 280/320/280 224/321/224 223/322/223
vt 15.8155193 -5.6302061
f 280/320/280 223/322/223 281/323/281
vt 15.4419651 -5.5476060
f 281/323/281 223/322/223 222/324/222
vt 15.3708248 -5.5743809
f 281/323/281 222/324/222 221/325/221
vt 15.7140417 -5.7434011
f 281/323/281 221/325/221 282/326/282
vt 15.2953606 -5.5834799
f 282/326/282 221/325/221 220/327/220
vt 15.5885677 -5.8292332
f 282/326/282 220/327/220 283/328/283
vt 15.4462900 -5.8827820
f 283/328/283 220/327/220 284/329/284
vt 15.2953606 -5.9009800
f 284/329/284 220/327/220 266/330/266
f 266/330/266 220/327/220 229/291/229
vt -15.2953606 -5.9009800
f 266/330/266 229/291/229 256/331/256
f 256/331/256 229/291/229 257/293/257
vt 13.1876297 -17.7800007
vt 11.5064354 -15.8233519
vt 0.0000000 -8.9687405
f 304/332/304 244/333/244 303/334/303
vt 0.9744750 -8.7864666
f 303/334/303 244/333/244 243/335/243
vt 0.8567540 -8.6849241
f 303/334/303 243/335/243 299/336/299
vt 13.1876297 17.7800007
vt 12.4942102 15.2953606
f 305/337/305 265/338/265 304/332/304
vt 12.4942102 -15.2953606
f 304/332/304 265/338/265 255/339/255
vt 12.4760132 -15.4462900
f 304/332/304 255/339/255 254/340/254
vt 0.0000000 8.9687405
vt 11.5064354 15.8233519
f 306/341/306 275/342/275 305/337/305
vt 11.6420393 15.8920698
f 305/337/305 275/342/275 274/343/274
vt 11.7900906 15.9265881
f 305/337/305 274/343/274 273/344/273
vt 0.6922510 8.2584763
f 303/334/303 290/345/290 306/341/306
vt 0.7112820 8.4127722
f 306/341/306 290/345/290 289/346/289
vt 0.7672340 8.5578194
f 306/341/306 289/346/289 288/347/288
vt 0.7672340 -8.5578194
f 299/336/299 298/348/298 303/334/303
vt 0.7112820 -8.4127722
f 303/334/303 298/348/298 297/349/297
vt 0.6922510 -8.2584763
f 303/334/303 297/349/297 295/350/295
f 295/350/295 290/345/290 303/334/303
vt 0.8567540 8.6849241
f 288/347/288 287/351/287 306/341/306
vt 0.9744750 8.7864666
f 306/341/306 287/351/287 285/352/285
f 306/341/306 285/352/285 275/342/275
vt 11.9421043 15.9249268
f 273/344/273 272/353/272 305/337/305
vt 12.0893660 15.8871832
f 305/337/305 272/353/272 271/354/271
vt 12.2234364 15.8155193
f 305/337/305 271/354/271 270/355/270
vt 12.3366318 15.7140417
f 270/355/270 269/356/269 305/337/305
vt 12.4224634 15.5885677
f 305/337/305 269/356/269 268/357/268
vt 12.4760132 15.4462900
f 305/337/305 268/357/268 267/358/267
f 267/358/267 265/338/265 305/337/305
vt 12.4224634 -15.5885677
f 254/340/254 253/359/253 304/332/304
vt 12.3366318 -15.7140417
f 304/332/304 253/359/253 252/360/252
vt 12.2234364 -15.8155193
f 304/332/304 252/360/252 251/361/251
vt 12.0893660 -15.8871832
f 251/361/251 250/362/250 304/332/304
vt 11.9421043 -15.9249268
f 304/332/304 250/362/250 249/363/249
vt 11.7900906 -15.9265881
f 304/332/304 249/363/249 248/364/248
vt 11.6420393 -15.8920698
f 248/364/248 247/365/247 304/332/304
f 304/332/304 247/365/247 244/333/244
vt -32.0182190 -0.0000000
vt -32.0182190 0.3000000
f 307/366/307 308/29/308 310/367/310
vt -0.0000000 0.3000000
f 310/367/310 308/29/308 309/368/309
vt 0.3000000 0.0000000
vt 0.3000000 -0.1309000
f 309/369/309 308/29/308 322/370/322
vt -0.0000000 -0.1309000
f 322/370/322 308/29/308 311/371/311
vt 0.3000000 -0.2617990
f 322/370/322 311/371/311 321/372/321
vt -0.0000000 -0.2617990
f 321/372/321 311/371/311 312/373/312
vt 0.3000000 -0.3926990
f 321/372/321 312/373/312 320/374/320
vt -0.0000000 -0.3926990
f 320/374/320 312/373/312 313/375/313
vt 0.3000000 -0.5235990
f 320/374/320 313/375/313 319/376/319
vt -0.0000000 -0.5235990
f 319/376/319 313/375/313 314/377/314
vt 0.3000000 -0.6544980
f 319/376/319 314/377/314 318/378/318
vt -0.0000000 -0.6544980
f 318/378/318 314/377/314 315/379/315
vt 0.3000000 -0.7853980
f 318/378/318 315/379/315 317/380/317
vt 0.0000000 -0.7853980
f 317/380/317 315/379/315 316/381/316
vt -14.4922199 0.0000000
vt -14.4922199 0.3000000
f 316/382/316 323/29/323 317/383/317
f 317/383/317 323/29/323 324/368/324
f 324/369/324 323/29/323 336/370/336
f 336/370/336 323/29/323 325/371/325
f 336/370/336 325/371/325 335/372/335
f 335/372/335 325/371/325 326/373/326
f 335/372/335 326/373/326 334/374/334
f 334/374/334 326/373/326 327/375/327
f 334/374/334 327/375/327 333/376/333
f 333/376/333 327/375/327 328/377/328
f 333/376/333 328/377/328 332/378/332
f 332/378/332 328/377/328 329/379/329
f 332/378/332 329/379/329 331/380/331
f 331/380/331 329/379/329 330/381/330
f 330/366/330 337/29/337 331/367/331
f 331/367/331 337/29/337 338/368/338
f 338/369/338 337/29/337 350/370/350
f 350/370/350 337/29/337 339/371/339
f 350/370/350 339/371/339 349/372/349
f 349/372/349 339/371/339 340/373/340
f 349/372/349 340/373/340 348/374/348
f 348/374/348 340/373/340 341/375/341
f 348/374/348 341/375/341 347/376/347
f 347/376/347 341/375/341 342/377/342
f 347/376/347 342/377/342 346/378/346
f 346/378/346 342/377/342 343/379/343
f 346/378/346 343/379/343 345/380/345
f 345/380/345 343/379/343 344/381/344
f 344/382/344 351/29/351 345/383/345
f 345/383/345 351/29/351 352/368/352
f 352/369/352 351/29/351 362/370/362
f 362/370/362 351/29/351 353/371/353
f 362/370/362 353/371/353 361/372/361
f 361/372/361 353/371/353 354/373/354
f 361/372/361 354/373/354 360/374/360
f 360/374/360 354/373/354 355/375/355
f 360/374/360 355/375/355 359/376/359
f 359/376/359 355/375/355 356/377/356
f 359/376/359 356/377/356 358/378/358
f 358/378/358 356/377/356 357/379/357
f 358/378/358 357/379/357 310/380/310
f 310/380/310 357/379/357 307/381/307
vt 0.2244050 0.3000000
vt 0.1793370 0.0880680
f 364/384/364 365/368/365 363/385/363
vt -0.0000000 0.0298660
f 363/385/363 365/368/365 366/386/366
vt 0.4673450 0.0000000
f 363/385/363 366/386/366 367/387/367
vt 8.2805157 -0.0092660
vt -8.2805157 -0.0092660
vt 8.2835684 -0.2336510
f 364/388/364 368/389/368 365/390/365
vt -8.2835684 -0.2336510
f 365/390/365 368/389/368 369/391/369
vt 0.2429390 0.3000000
vt 0.2880070 0.0880680
vt 0.4673450 0.3000000
f 368/392/368 370/393/370 369/394/369
vt 0.4673450 0.0298660
f 369/394/369 370/393/370 372/395/372
f 372/395/372 370/393/370 371/29/371
vt 16.5671368 0.0298660
f 372/386/372 366/396/366 369/368/369
vt 16.5671368 0.3000000
f 369/368/369 366/396/366 365/397/365
vt -0.0638400 17.4764709
vt -0.0333050 17.0091686
vt 0.0262000 17.1884899
f 367/398/367 366/399/366 378/400/378
vt -0.0333050 -17.0091686
f 378/400/378 366/399/366 375/401/375
vt 0.2428770 -17.0716534
f 378/400/378 375/401/375 376/402/376
vt -1.3801690 16.7604504
f 366/399/366 373/403/373 375/401/375
vt -1.3801690 -16.7604504
f 375/401/375 373/403/373 374/404/374
vt 0.2428770 17.2335529
f 376/402/376 377/405/377 378/400/378
vt -0.0000000 17.4764709
vt 0.1295400 17.3088303
vt 0.4362570 17.4764709
f 380/406/380 385/407/385 379/408/379
vt 17.2973995 17.3088303
f 379/408/379 385/407/385 386/409/386
vt 16.9906826 17.4764709
f 379/408/379 386/409/386 384/410/384
vt 17.4269409 17.4764709
f 384/410/384 386/409/386 383/411/383
vt 17.4269409 -17.4764709
f 383/411/383 386/409/386 382/412/382
vt 17.2973995 -17.3088303
f 382/412/382 386/409/386 387/413/387
vt 0.1295400 -17.3088303
f 382/412/382 387/413/387 388/414/388
vt 0.0000000 -17.4764709
f 380/406/380 381/415/381 385/407/385
f 385/407/385 381/415/381 388/414/388
f 388/414/388 381/415/381 382/412/382
vt -1.5592060 17.4764709
vt -1.6492460 17.1884899
vt -1.5897410 17.0091686
f 371/416/371 389/417/389 372/418/372
vt -1.5897410 -17.0091686
f 372/418/372 389/417/389 392/419/392
vt -0.2428770 16.7604504
f 372/418/372 392/419/392 394/420/394
vt -0.2428770 -16.7604504
f 394/420/394 392/419/392 393/421/393
vt -1.8659230 17.2335529
vt -1.8659230 -17.0716534
f 390/422/390 391/423/391 389/417/389
f 389/417/389 391/423/391 392/419/392
vt -16.9906826 0.0000000
vt -16.9945984 0.3011460
vt -17.0094223 0.3011460
f 371/424/371 370/425/370 389/426/389
vt -0.4323410 0.3011460
vt -0.4362570 -0.0000000
vt -0.4175170 0.3011460
f 363/427/363 367/428/367 378/429/378
vt 0.7034500 8.2811289
vt 0.7034500 8.2959528
vt 0.4867800 8.2805157
f 363/430/363 378/431/378 364/432/364
vt 0.4867800 8.3410530
f 364/432/364 378/431/378 377/433/377
vt -0.5989640 8.6963701
f 364/432/364 377/433/377 396/434/396
vt 0.4867800 8.4705534
f 396/434/396 377/433/377 395/435/395
vt -0.5989640 -8.6963701
f 396/434/396 397/436/397 364/432/364
vt 0.4867800 -8.2805157
f 364/432/364 397/436/397 368/437/368
vt 0.4867800 -8.3410530
f 368/437/368 397/436/397 390/438/390
vt 0.7034500 -8.2959528
f 368/437/368 390/438/390 389/439/389
vt 0.4867800 -8.4705534
f 397/436/397 398/440/398 390/438/390
vt 0.7034500 -8.2811289
f 389/439/389 370/441/370 368/437/368
vt -0.2429170 17.2335529
vt -1.3286610 17.4593697
vt -0.2429170 -17.2335529
f 398/442/398 397/443/397 402/444/402
vt -1.3286610 -17.4593697
f 402/444/402 397/443/397 401/445/401
vt -1.4278510 -17.3912125
f 401/445/401 397/443/397 400/446/400
vt -1.4278510 17.3912125
f 400/446/400 397/443/397 399/447/399
vt 0.0797800 1.5624020
vt 2.9913731 1.5624020
vt 0.1068270 1.7678400
f 48/448/48 86/449/86 25/450/25
vt 2.9643271 1.7678400
f 25/450/25 86/449/86 85/451/85
vt 0.0797800 1.9732780
f 25/450/25 85/451/85 26/452/26
vt 2.9913731 1.9732780
f 26/452/26 85/451/85 84/453/84
vt 0.0004840 2.1647151
f 26/452/26 84/453/84 27/454/27
vt 3.0706689 2.1647151
f 27/454/27 84/453/84 83/455/83
vt -0.1256570 2.3291061
f 27/454/27 83/455/83 28/456/28
vt 3.1968110 2.3291061
f 28/456/28 83/455/83 82/457/82
vt -0.2900480 2.4552481
f 28/456/28 82/457/82 29/458/29
vt 3.3612020 2.4552481
f 29/458/29 82/457/82 81/459/81
vt -0.4814860 2.5345440
f 29/458/29 81/459/81 30/460/30
vt 3.5526390 2.5345440
f 30/460/30 81/459/81 80/461/80
vt 7.4731722 8.7068424
f 30/460/30 80/461/80 403/462/403
vt 3.7580769 2.5615900
f 403/462/403 80/461/80 79/463/79
vt 3.9635141 2.5345440
f 403/462/403 79/463/79 78/464/78
vt 3.0706689 1.3709650
f 86/449/86 48/448/48 87/465/87
vt 0.0004840 1.3709650
f 87/465/87 48/448/48 47/466/47
vt 3.1968110 1.2065740
f 87/465/87 47/466/47 88/467/88
vt -0.1256570 1.2065740
f 88/467/88 47/466/47 46/468/46
vt 1.8286580 -3.6471601
f 88/467/88 46/468/46 410/469/410
vt -0.2900480 1.0804321
f 410/469/410 46/468/46 45/470/45
vt -0.4814860 1.0011359
f 410/469/410 45/470/45 44/471/44
vt -0.6869230 0.9740900
f 44/471/44 43/472/43 410/469/410
vt -2.6595681 0.1978400
f 410/469/410 43/472/43 407/473/407
vt -7.5082140 -3.6471601
f 410/469/410 407/473/407 409/474/409
vt -7.5082140 0.1978400
f 409/474/409 407/473/407 408/475/408
vt -0.8923610 1.0011359
f 43/472/43 42/476/42 407/473/407
vt -1.0837981 1.0804321
f 407/473/407 42/476/42 41/477/41
vt -1.2481890 1.2065740
f 407/473/407 41/477/41 40/478/40
vt -1.3743310 1.3709650
f 40/478/40 39/479/39 407/473/407
vt -1.4536270 1.5624020
f 407/473/407 39/479/39 38/480/38
vt -1.4806730 1.7678400
f 407/473/407 38/480/38 37/481/37
vt -2.6595681 3.3378401
f 407/473/407 37/481/37 406/482/406
vt -1.4536270 1.9732780
f 406/482/406 37/481/37 36/483/36
vt -1.3743310 2.1647151
f 406/482/406 36/483/36 35/484/35
vt -1.2481890 2.3291061
f 35/484/35 34/485/34 406/482/406
vt -1.0837981 2.4552481
f 406/482/406 34/485/34 33/486/33
vt -0.8923610 2.5345440
f 406/482/406 33/486/33 32/487/32
vt -0.6869230 2.5615900
f 32/487/32 31/488/31 406/482/406
f 406/482/406 31/488/31 30/460/30
f 406/482/406 30/460/30 403/462/403
vt 4.5247798 1.5624020
vt 6.0049801 -5.4737659
vt 4.5518270 1.7678400
f 96/489/96 415/490/415 73/491/73
vt 6.4691391 -6.1843309
f 73/491/73 415/490/415 416/492/416
vt 7.5333581 8.6963701
f 73/491/73 416/492/416 396/493/396
vt 6.7549658 -6.9553390
f 396/493/396 416/492/416 417/494/417
vt 7.5333581 -8.6963701
f 396/493/396 417/494/417 397/495/397
vt 6.8514781 -7.7571602
f 397/495/397 417/494/417 418/496/418
vt 7.4147892 -8.7170000
f 397/495/397 418/496/418 399/497/399
vt 6.8514781 -8.7170000
f 399/497/399 418/496/418 419/498/419
vt 4.4454842 1.3709650
f 96/489/96 95/499/95 415/490/415
vt 5.3803282 -4.8509512
f 415/490/415 95/499/95 414/500/414
vt 4.3193431 1.2065740
f 414/500/414 95/499/95 94/501/94
vt 4.6191878 -4.3398199
f 414/500/414 94/501/94 413/502/413
vt 4.1549520 1.0804321
f 413/502/413 94/501/94 93/503/93
vt 3.7508080 -3.9600151
f 413/502/413 93/503/93 412/504/412
vt 3.9635141 1.0011359
f 412/504/412 93/503/93 92/505/92
vt 3.7580769 0.9740900
f 412/504/412 92/505/92 91/506/91
vt 2.8085620 -3.7261319
f 412/504/412 91/506/91 411/507/411
vt 3.5526390 1.0011359
f 411/507/411 91/506/91 90/508/90
vt 3.3612020 1.0804321
f 411/507/411 90/508/90 89/509/89
f 411/507/411 89/509/89 410/469/410
f 410/469/410 89/509/89 88/467/88
vt 4.1549520 2.4552481
f 78/464/78 77/510/77 403/462/403
vt 4.3193431 2.3291061
f 403/462/403 77/510/77 76/511/76
vt 4.4454842 2.1647151
f 403/462/403 76/511/76 75/512/75
f 403/462/403 75/512/75 396/493/396
vt 4.5247798 1.9732780
f 396/493/396 75/512/75 74/513/74
f 396/493/396 74/513/74 73/491/73
vt -7.5082140 4.7248578
f 403/462/403 404/514/404 406/482/406
vt -7.5082140 3.3378401
f 406/482/406 404/514/404 405/515/405
vt -1.2164770 17.2335529
vt -1.2164770 -17.2335529
vt -0.1307320 17.4593697
f 395/516/395 420/517/420 396/518/396
vt -0.1307320 -17.4593697
f 396/518/396 420/517/420 421/519/421
vt -0.0803830 -17.4247723
f 396/518/396 421/519/421 422/520/422
vt -0.0803830 17.4247723
f 422/520/422 403/521/403 396/518/396
vt 0.1133770 17.2335529
f 390/405/390 398/522/398 391/402/391
vt 0.1133770 -17.2335529
f 391/402/391 398/522/398 402/523/402
vt 0.3003620 -17.0091686
f 391/402/391 402/523/402 424/524/424
vt 17.0544834 -17.2335529
f 424/524/424 402/523/402 420/525/420
vt 16.8674984 -17.0091686
f 424/524/424 420/525/420 423/526/423
vt 16.9249821 -17.0716534
f 423/526/423 420/525/420 376/527/376
vt 17.0544834 17.2335529
f 376/527/376 420/525/420 395/528/395
vt 16.9249821 17.2335529
f 376/527/376 395/528/395 377/529/377
vt 0.0849050 0.3000000
f 392/386/392 391/530/391 424/368/424
f 375/386/375 392/396/392 423/368/423
f 423/368/423 392/396/392 424/397/424
vt 0.5500640 0.3000000
vt 0.6349690 0.0298660
vt 0.6349690 0.3000000
f 376/531/376 375/532/375 423/533/423
vt -0.4867800 -8.4705534
vt 0.5989640 -8.6963701
vt -0.4867800 8.4705534
f 402/534/402 401/535/401 420/536/420
vt 0.5989640 8.6963701
f 420/536/420 401/535/401 421/537/421
vt 0.7815260 8.2835684
vt -0.5591130 8.0032330
vt 0.7815260 -8.2835684
f 375/538/375 374/539/374 392/540/392
vt -0.5591130 -8.0032330
f 392/540/392 374/539/374 393/541/393
vt -7.6041870 -8.9907532
vt -7.6378441 -8.9848976
vt -7.6378441 -8.9907532
f 425/542/425 426/543/426 427/544/427
vt -0.0321020 0.3011460
vt -0.0262470 0.3011460
f 426/545/426 428/29/428 427/546/427
vt -0.9684880 0.0000000
vt -0.9085850 0.3011460
vt -0.9422410 0.3011460
f 428/547/428 425/548/425 427/549/427
vt -7.5333581 -8.6963701
vt -6.7549658 -6.9553390
vt -7.5333581 8.6963701
f 401/550/401 431/551/431 421/552/421
vt -6.4691391 -6.1843309
f 421/552/421 431/551/431 432/553/432
vt -6.0049801 -5.4737659
f 421/552/421 432/553/432 433/554/433
vt -6.8514781 -7.7571602
f 431/551/431 401/550/401 430/555/430
vt -7.4147892 -8.7170000
f 430/555/430 401/550/401 400/556/400
vt -6.8514781 -8.7170000
f 430/555/430 400/556/400 429/557/429
vt -5.3803282 -4.8509512
f 433/554/433 434/558/434 421/552/421
vt -4.6191878 -4.3398199
f 421/552/421 434/558/434 435/559/435
vt -7.4731722 8.7068424
f 421/552/421 435/559/435 422/560/422
vt -3.7508080 -3.9600151
f 422/560/422 435/559/435 436/561/436
vt -2.8085620 -3.7261319
f 422/560/422 436/561/436 437/562/437
vt 2.6595681 3.3378401
f 422/560/422 437/562/437 442/563/442
vt -1.8286580 -3.6471601
f 442/563/442 437/562/437 438/564/438
vt 2.6595681 0.1978400
f 442/563/442 438/564/438 441/565/441
vt 7.5082140 -3.6471601
f 441/565/441 438/564/438 439/566/439
vt 7.5082140 0.1978400
f 441/565/441 439/566/439 440/567/440
vt 7.5082140 3.3378401
vt 7.5082140 4.7248578
f 443/568/443 444/569/444 442/563/442
f 442/563/442 444/569/444 422/560/422
vt -0.3000000 -8.8128643
vt -0.3000000 8.8128643
vt -4.2674799 -11.6000633
f 440/570/440 408/571/408 441/572/441
vt -4.2674799 11.6000633
f 441/572/441 408/571/408 407/573/407
vt -4.1450000 -8.8128643
vt -4.1450000 8.8128643
f 440/574/440 439/570/439 408/575/408
f 408/575/408 439/570/439 409/571/409
vt -7.6400399 -8.8128643
vt 0.0000000 -14.1800766
vt -7.6400399 8.8128643
f 439/576/439 438/577/438 409/578/409
vt 0.0000000 14.1800766
f 409/578/409 438/577/438 410/579/410
vt -14.1800766 0.0000000
vt 14.1800766 0.0000000
vt -14.7433662 0.8069970
f 410/580/410 438/581/438 411/582/411
vt 14.7433662 0.8069970
f 411/582/411 438/581/438 437/583/437
vt 15.2850075 1.6139930
f 411/582/411 437/583/437 436/584/436
vt -15.2850075 1.6139930
f 411/582/411 436/584/436 412/585/412
vt 15.7841873 2.4209900
f 412/585/412 436/584/436 435/586/435
vt -15.7841873 2.4209900
f 412/585/412 435/586/435 413/587/413
vt -16.2217216 3.2279861
f 413/587/413 435/586/435 414/588/414
vt 16.2217216 3.2279861
f 414/588/414 435/586/435 434/589/434
vt -16.5807972 4.0349832
f 414/588/414 434/589/434 415/590/415
vt 16.5807972 4.0349832
f 415/590/415 434/589/434 433/591/433
vt 16.8476143 4.8419800
f 415/590/415 433/591/433 432/592/432
vt -16.8476143 4.8419800
f 415/590/415 432/592/432 416/593/416
vt 17.0119190 5.6489758
f 416/593/416 432/592/432 431/594/431
vt -17.0119190 5.6489758
f 416/593/416 431/594/431 417/595/417
vt -17.0673981 6.4559731
f 417/595/417 431/594/431 418/596/418
vt 17.0673981 6.4559731
f 418/596/418 431/594/431 430/597/430
vt -1.2598400 -17.0673981
vt -0.3000000 -17.0673981
vt -1.2598400 17.0673981
f 430/598/430 429/599/429 418/600/418
vt -0.3000000 17.0673981
f 418/600/418 429/599/429 419/601/419
vt -0.4924800 -17.0673981
vt -0.0315420 -17.3912125
vt -0.4924800 17.0673981
f 429/602/429 400/603/400 419/604/419
vt -0.0315420 17.3912125
f 419/604/419 400/603/400 399/605/399
vt 1.4593940 -17.7800007
vt 1.3050430 -17.5194321
f 428/606/428 426/607/426 382/415/382
f 382/415/382 426/607/426 383/406/383
vt 1.3050430 17.5194321
f 383/406/383 426/607/426 447/608/447
vt 1.4593940 17.7800007
f 383/406/383 447/608/447 445/609/445
vt 1.3331980 17.5000858
f 447/608/447 426/607/426 446/610/446
vt 1.3331980 -17.5000858
f 446/610/446 426/607/426 425/611/425
f 446/610/446 425/611/425 428/606/428
f 428/606/428 445/609/445 446/610/446
vt 0.5591130 -8.0032330
vt 0.5591130 8.0032330
vt -0.7815260 -8.2835684
f 394/612/394 373/613/373 372/614/372
vt -0.7815260 8.2835684
f 372/614/372 373/613/373 366/615/366
vt 7.6378441 -8.9848976
vt 7.6041870 -8.9907532
vt 7.6378441 -8.9907532
f 447/616/447 446/617/446 448/618/448
vt -0.0599030 0.3011460
f 446/619/446 445/29/445 448/546/448
vt -18.0340004 0.0000000
vt -18.0018978 0.3011460
vt -18.0077534 0.3011460
f 445/620/445 447/621/447 448/622/448
vt -3.6674800 -8.8128643
vt 0.3000000 -11.6000633
vt -3.6674800 8.8128643
f 443/623/443 442/624/442 405/625/405
vt 0.3000000 11.6000633
f 405/625/405 442/624/442 406/626/406
vt -1.6870180 -8.8128643
vt -1.6870180 8.8128643
f 444/627/444 443/570/443 404/628/404
f 404/628/404 443/570/443 405/571/405
vt -0.2179820 -8.8128643
vt -0.2179820 8.8128643
vt -13.1072474 -17.4247723
f 444/629/444 404/630/404 422/631/422
vt -13.1072474 17.4247723
f 422/631/422 404/630/404 403/632/403
vt -0.0000000 7.2491598
vt 0.0000000 -10.7848396
vt 1.4593940 6.9456301
f 304/633/304 428/634/428 381/635/381
vt 1.4593940 -10.4813099
f 381/635/381 428/634/428 382/636/382
vt 7.5843101 0.2054380
vt 4.6727171 0.2054380
vt 7.5572639 0.0000000
f 24/637/24 62/638/62 1/639/1
vt 4.6997638 0.0000000
f 1/639/1 62/638/62 61/640/61
vt 7.5843101 -0.2054380
f 1/639/1 61/640/61 2/641/2
vt 4.6727171 -0.2054380
f 2/641/2 61/640/61 60/642/60
vt 7.6636062 -0.3968750
f 2/641/2 60/642/60 3/643/3
vt 4.5934210 -0.3968750
f 3/643/3 60/642/60 59/644/59
vt 7.7897482 -0.5612660
f 3/643/3 59/644/59 4/645/4
vt 4.4672799 -0.5612660
f 4/645/4 59/644/59 58/646/58
vt 5.6246791 -5.7150002
f 4/645/4 58/646/58 458/647/458
vt 4.3028889 -0.6874080
f 458/647/458 58/646/58 57/648/57
vt 4.7163010 -5.7882080
f 458/647/458 57/648/57 457/649/457
vt 4.1114511 -0.7667040
f 457/649/457 57/648/57 56/650/56
vt 3.9060140 -0.7937500
f 457/649/457 56/650/56 55/651/55
vt 4.5934210 0.3968750
f 62/638/62 24/637/24 63/652/63
vt 7.6636062 0.3968750
f 63/652/63 24/637/24 23/653/23
vt 4.4672799 0.5612660
f 63/652/63 23/653/23 64/654/64
vt 7.7897482 0.5612660
f 64/654/64 23/653/23 22/655/22
vt 4.3028889 0.6874080
f 64/654/64 22/655/22 65/656/65
vt 7.9541392 0.6874080
f 65/656/65 22/655/22 21/657/21
vt 4.1114511 0.7667040
f 65/656/65 21/657/21 66/658/66
vt 8.1455755 0.7667040
f 66/658/66 21/657/21 20/659/20
f 66/658/66 20/659/20 305/633/305
vt 8.3510141 0.7937500
f 305/633/305 20/659/20 19/660/19
vt 10.4795341 1.2700000
f 305/633/305 19/660/19 462/661/462
vt 8.5564508 0.7667040
f 462/661/462 19/660/19 18/662/18
vt 8.7478886 0.6874080
f 462/661/462 18/662/18 17/663/17
vt 8.9122801 0.5612660
f 17/663/17 16/664/16 462/661/462
vt 9.0384207 0.3968750
f 462/661/462 16/664/16 15/665/15
vt 9.1177168 0.2054380
f 462/661/462 15/665/15 14/666/14
vt 9.1447639 0.0000000
f 14/666/14 13/667/13 462/661/462
vt 10.4795341 -1.2700000
f 462/661/462 13/667/13 461/668/461
vt 9.1177168 -0.2054380
f 461/668/461 13/667/13 12/669/12
vt 9.0384207 -0.3968750
f 461/668/461 12/669/12 11/670/11
vt 8.9122801 -0.5612660
f 11/670/11 10/671/10 461/668/461
vt 8.7478886 -0.6874080
f 461/668/461 10/671/10 9/672/9
vt 8.5564508 -0.7667040
f 461/668/461 9/672/9 8/673/8
f 461/668/461 8/673/8 458/647/458
vt 8.3510141 -0.7937500
f 458/647/458 8/673/8 7/674/7
vt 8.1455755 -0.7667040
f 458/647/458 7/674/7 6/675/6
vt 7.9541392 -0.6874080
f 6/675/6 5/676/5 458/647/458
f 458/647/458 5/676/5 4/645/4
vt 3.1393099 0.2054380
vt 3.1122639 0.0000000
f 72/677/72 305/633/305 49/678/49
vt 1.3229190 -8.0669756
f 49/678/49 305/633/305 452/679/452
vt 3.1393099 -0.2054380
f 49/678/49 452/679/452 50/680/50
vt 1.7531970 -7.4082770
f 50/680/50 452/679/452 453/681/453
vt 3.2186060 -0.3968750
f 50/680/50 453/681/453 51/682/51
vt 2.3322539 -6.8309231
f 51/682/51 453/681/453 454/683/454
vt 3.3447480 -0.5612660
f 51/682/51 454/683/454 52/684/52
vt 3.0378380 -6.3571010
f 52/684/52 454/683/454 455/685/455
vt 3.5091391 -0.6874080
f 52/684/52 455/685/455 53/686/53
vt 3.8428309 -6.0050192
f 53/686/53 455/685/455 456/687/456
vt 3.7005761 -0.7667040
f 53/686/53 456/687/456 54/688/54
f 54/688/54 456/687/456 55/651/55
f 55/651/55 456/687/456 457/649/457
vt 3.2186060 0.3968750
f 72/677/72 71/689/71 305/633/305
vt 3.3447480 0.5612660
f 305/633/305 71/689/71 70/690/70
vt 3.5091391 0.6874080
f 305/633/305 70/690/70 69/691/69
vt 3.7005761 0.7667040
f 69/691/69 68/692/68 305/633/305
vt 3.9060140 0.7937500
f 305/633/305 68/692/68 67/693/67
f 305/633/305 67/693/67 66/658/66
vt 0.9684880 -10.7848396
vt 0.9684880 -9.5249996
f 449/694/449 450/695/450 445/634/445
vt 1.0579550 -8.7817059
f 445/634/445 450/695/450 451/696/451
f 445/634/445 451/696/451 452/679/452
vt 15.3281803 -5.7150002
f 458/647/458 459/697/459 461/668/461
vt 15.3281803 -1.2700000
f 461/668/461 459/697/459 460/698/460
vt 15.3281803 1.2700000
vt 15.3281803 3.1750000
f 463/699/463 306/700/306 462/661/462
f 462/661/462 306/700/306 305/633/305
f 305/633/305 445/634/445 452/679/452
vt 1.6155460 6.8160901
vt 0.0000000 6.4782701
vt 1.6155460 -10.3517704
f 385/701/385 464/702/464 386/703/386
vt 0.0000000 -10.0139503
f 386/703/386 464/702/464 465/704/465
vt 0.0000000 6.8160901
vt -0.0000000 -10.3517704
vt 1.6155460 6.4782701
f 388/705/388 387/706/387 467/707/467
vt 1.6155460 -10.0139503
f 467/707/467 387/706/387 466/708/466
vt 14.3596926 -10.7848396
vt 15.3281803 -10.7848396
vt 14.3596926 -9.5249996
f 469/709/469 428/710/428 468/711/468
vt 14.2702246 -8.7817059
f 468/711/468 428/710/428 482/712/482
vt 14.0052614 -8.0669756
f 482/712/482 428/710/428 481/713/481
vt 15.3281803 7.2491598
f 481/713/481 428/710/428 304/714/304
vt 13.5749826 -7.4082770
f 481/713/481 304/714/304 480/715/480
vt 12.9959259 -6.8309231
f 480/715/480 304/714/304 479/716/479
vt 12.2903433 -6.3571010
f 479/716/479 304/714/304 478/717/478
vt 11.4853487 -6.0050192
f 478/717/478 304/714/304 477/718/477
vt 10.6118803 -5.7882080
f 477/718/477 304/714/304 476/719/476
vt 4.8486471 1.2700000
f 476/719/476 304/714/304 471/720/471
vt 9.7035017 -5.7150002
f 476/719/476 471/720/471 475/721/475
vt 4.8486471 -1.2700000
f 475/721/475 471/720/471 472/722/472
vt -0.0000000 -5.7150002
f 475/721/475 472/722/472 474/723/474
vt -0.0000000 -1.2700000
f 474/723/474 472/722/472 473/724/473
f 304/714/304 303/64/303 471/720/471
vt 0.0000000 1.2700000
f 471/720/471 303/64/303 470/725/470
vt 0.0000000 -10.4813099
vt 1.4593940 -10.7848396
vt 0.0000000 -10.0450525
f 383/726/383 445/727/445 384/728/384
vt 0.0000000 6.5093732
f 384/728/384 445/727/445 379/729/379
vt 1.4593940 7.2491598
f 379/729/379 445/727/445 305/730/305
vt 0.0000000 6.9456301
f 379/729/379 305/730/305 380/731/380
vt 17.2232742 5.9847341
vt -17.2232742 5.9847341
vt 17.1718445 5.2366419
f 450/732/450 468/733/468 451/734/451
vt -17.1718445 5.2366419
f 451/734/451 468/733/468 482/735/482
vt -17.0195312 4.4885511
f 451/734/451 482/735/482 481/736/481
vt 17.0195312 4.4885511
f 451/734/451 481/736/481 452/737/452
vt -16.7721901 3.7404590
f 452/737/452 481/736/481 480/738/480
vt 16.7721901 3.7404590
f 452/737/452 480/738/480 453/739/453
vt 16.4393253 2.9923670
f 453/739/453 480/738/480 454/740/454
vt -16.4393253 2.9923670
f 454/740/454 480/738/480 479/741/479
vt 16.0337276 2.2442751
f 454/740/454 479/741/479 455/742/455
vt -16.0337276 2.2442751
f 455/742/455 479/741/479 478/743/478
vt -15.5709848 1.4961840
f 455/742/455 478/743/478 477/744/477
vt 15.5709848 1.4961840
f 455/742/455 477/744/477 456/745/456
vt -15.0688791 0.7480920
f 456/745/456 477/744/477 476/746/476
vt 15.0688791 0.7480920
f 456/745/456 476/746/476 457/747/457
vt 14.5467072 0.0000000
f 457/747/457 476/746/476 458/748/458
vt -14.5467072 0.0000000
f 458/748/458 476/746/476 475/749/475
vt -15.9751825 -16.1385193
vt -15.9922199 -16.0091095
vt -16.2493439 -16.7604504
f 358/750/358 310/751/310 393/752/393
vt -15.9922199 16.0091095
f 393/752/393 310/751/310 309/753/309
vt -16.2493439 16.7604504
f 393/752/393 309/753/309 394/754/394
vt -15.9751825 16.1385193
f 394/754/394 309/753/309 322/755/322
vt -15.9252329 16.2591095
f 394/754/394 322/755/322 321/756/321
vt -15.8457727 16.3626633
f 321/756/321 320/757/320 394/754/394
vt -15.7422199 16.4421234
f 394/754/394 320/757/320 319/758/319
vt -15.6216297 16.4920731
f 394/754/394 319/758/319 318/759/318
vt -15.4922199 16.5091095
f 318/759/318 317/760/317 394/754/394
vt -1.0000000 16.5091095
f 394/754/394 317/760/317 324/761/324
f 394/754/394 324/761/324 373/420/373
vt -0.8705900 16.4920731
f 373/420/373 324/761/324 336/762/336
vt -0.7500000 16.4421234
f 373/420/373 336/762/336 335/763/335
vt -0.6464470 16.3626633
f 335/763/335 334/764/334 373/420/373
vt -0.5669870 16.2591095
f 373/420/373 334/764/334 333/765/333
vt -0.5170370 16.1385193
f 373/420/373 333/765/333 332/766/332
vt -0.5000000 16.0091095
f 332/766/332 331/767/331 373/420/373
f 373/420/373 331/767/331 374/421/374
vt -0.5000000 -16.0091095
f 374/421/374 331/767/331 338/768/338
vt -0.5170370 -16.1385193
f 374/421/374 338/768/338 350/769/350
vt -0.5669870 -16.2591095
f 350/769/350 349/770/349 374/421/374
vt -0.6464470 -16.3626633
f 374/421/374 349/770/349 348/771/348
vt -0.7500000 -16.4421234
f 374/421/374 348/771/348 347/772/347
vt -0.8705900 -16.4920731
f 347/772/347 346/773/346 374/421/374
vt -1.0000000 -16.5091095
f 374/421/374 346/773/346 345/774/345
vt -15.4922199 -16.5091095
f 374/421/374 345/774/345 352/775/352
f 374/421/374 352/775/352 393/752/393
vt -15.6216297 -16.4920731
f 393/752/393 352/775/352 362/776/362
vt -15.7422199 -16.4421234
f 393/752/393 362/776/362 361/777/361
vt -15.8457727 -16.3626633
f 361/777/361 360/778/360 393/752/393
vt -15.9252329 -16.2591095
f 393/752/393 360/778/360 359/779/359
f 393/752/393 359/779/359 358/750/358
vt 7.9400401 -8.9687405
vt 7.9400401 8.9687405
vt -0.0000000 -14.5467072
f 474/780/474 459/781/459 475/782/475
vt -0.0000000 14.5467072
f 475/782/475 459/781/459 458/783/458
vt 4.4450002 -8.9687405
f 474/334/474 473/784/473 459/341/459
vt 4.4450002 8.9687405
f 459/341/459 473/784/473 460/785/460
vt 3.9674799 -11.7559385
f 473/334/473 472/786/472 460/341/460
vt 3.9674799 11.7559385
f 460/341/460 472/786/472 461/787/461
vt 0.0000000 -11.7559385
vt 2.5400000 -11.7559385
vt 0.0000000 11.7559385
f 472/788/472 471/789/471 461/790/461
vt 2.5400000 11.7559385
f 461/790/461 471/789/471 462/791/462
vt 3.9674799 -8.9687405
vt 3.9674799 8.9687405
f 470/792/470 463/793/463 471/788/471
f 471/788/471 463/793/463 462/790/462
vt 1.9050000 -8.9687405
f 470/334/470 303/794/303 463/341/463
vt 1.9050000 8.9687405
f 463/341/463 303/794/303 306/795/306
vt 1.6230460 -17.0091095
vt 1.6230460 17.0091095
vt 0.0000000 -17.3088303
f 467/796/467 464/797/464 388/798/388
vt 0.0000000 17.3088303
f 388/798/388 464/797/464 385/799/385
vt -2.8399999 -11.6000633
vt -2.8399999 11.6000633
f 442/800/442 441/624/441 406/801/406
f 406/801/406 441/624/441 407/626/407
vt 0.0000000 -17.2232742
vt 1.2598400 -17.2232742
vt -0.0000000 17.2232742
f 469/802/469 468/803/468 449/804/449
vt 1.2598400 17.2232742
f 449/804/449 468/803/468 450/805/450
vt 0.7924800 -17.2232742
vt 0.7924800 17.2232742
vt 0.0000000 -17.7800007
f 469/806/469 449/807/449 428/808/428
vt 0.0000000 17.7800007
f 428/808/428 449/807/449 445/809/445
vt -0.0000000 -17.0091095
vt 1.6230460 -17.3088303
vt -0.0000000 17.0091095
f 466/810/466 387/811/387 465/812/465
vt 1.6230460 17.3088303
f 465/812/465 387/811/387 386/813/386
vt 15.9922199 -16.0091095
vt 16.4922199 -17.0091095
vt 15.9922199 16.0091095
f 307/814/307 466/815/466 308/816/308
vt 16.4922199 17.0091095
f 308/816/308 466/815/466 465/817/465
vt 15.9751825 16.1385193
f 308/816/308 465/817/465 311/818/311
vt 15.9252329 16.2591095
f 311/818/311 465/817/465 312/819/312
vt 15.8457727 16.3626633
f 312/819/312 465/817/465 313/820/313
vt 15.7422199 16.4421234
f 313/820/313 465/817/465 314/821/314
vt 15.6216297 16.4920731
f 314/821/314 465/817/465 315/822/315
vt 15.4922199 16.5091095
f 315/822/315 465/817/465 316/823/316
f 316/823/316 465/817/465 464/812/464
vt 1.0000000 16.5091095
f 316/823/316 464/812/464 323/824/323
vt 0.8705900 16.4920731
f 323/824/323 464/812/464 325/825/325
vt 0.7500000 16.4421234
f 325/825/325 464/812/464 326/826/326
vt 0.6464470 16.3626633
f 326/826/326 464/812/464 327/827/327
vt 0.5669870 16.2591095
f 327/827/327 464/812/464 328/828/328
vt 0.5170370 16.1385193
f 328/828/328 464/812/464 329/829/329
vt 0.5000000 16.0091095
f 329/829/329 464/812/464 330/830/330
f 330/830/330 464/812/464 467/810/467
vt 0.5000000 -16.0091095
f 330/830/330 467/810/467 337/831/337
vt 0.5170370 -16.1385193
f 337/831/337 467/810/467 339/832/339
vt 0.5669870 -16.2591095
f 339/832/339 467/810/467 340/833/340
vt 0.6464470 -16.3626633
f 340/833/340 467/810/467 341/834/341
vt 0.7500000 -16.4421234
f 341/834/341 467/810/467 342/835/342
vt 0.8705900 -16.4920731
f 342/835/342 467/810/467 343/836/343
vt 1.0000000 -16.5091095
f 343/836/343 467/810/467 344/837/344
f 344/837/344 467/810/467 466/815/466
vt 15.4922199 -16.5091095
f 344/837/344 466/815/466 351/838/351
vt 15.6216297 -16.4920731
f 351/838/351 466/815/466 353/839/353
vt 15.7422199 -16.4421234
f 353/839/353 466/815/466 354/840/354
vt 15.8457727 -16.3626633
f 354/840/354 466/815/466 355/841/355
vt 15.9252329 -16.2591095
f 355/841/355 466/815/466 356/842/356
vt 15.9751825 -16.1385193
f 356/842/356 466/815/466 357/843/357
f 357/843/357 466/815/466 307/814/307
vt 1.4593940 -17.4764709
vt 1.4593940 17.4764709
f 381/844/381 380/845/380 304/808/304
f 304/808/304 380/845/380 305/809/305
vt -5.0799999 -0.0319700
f 110/846/110 113/83/113 122/81/122
f 122/81/122 113/83/113 120/77/120
vt -2.5400000 -0.1587500
vt 2.5400000 -0.1587500
vt -2.5400000 0.1587500
f 119/847/119 121/848/121 120/849/120
vt 2.5400000 0.1587500
f 120/849/120 121/848/121 122/850/122
vt -5.0799999 -0.0595310
f 106/851/106 109/88/109 126/81/126
f 126/81/126 109/88/109 124/77/124
f 123/847/123 125/848/125 124/849/124
f 124/849/124 125/848/125 126/850/126
vt -0.0000000 -15.7346106
vt 0.0319570 -15.7346106
vt -2.3820579 -15.5852451
f 133/852/133 105/853/105 192/854/192
vt 0.0080740 -14.1014032
f 192/854/192 105/853/105 104/855/104
vt -2.5287790 -14.0267200
f 192/854/192 104/855/104 193/856/193
vt -0.0000000 -12.4681959
f 193/856/193 104/855/104 103/857/103
vt -2.5783210 -12.4681959
f 193/856/193 103/857/103 194/858/194
vt -2.5287790 -10.9096708
f 194/858/194 103/857/103 195/859/195
vt 0.0080740 -10.8349876
f 195/859/195 103/857/103 102/860/102
vt -2.3820579 -9.3511467
f 195/859/195 102/860/102 196/861/196
vt 0.0319570 -9.2017813
f 196/861/196 102/860/102 101/862/101
vt -0.0000000 -9.2017813
f 196/861/196 101/862/101 118/863/118
vt -2.1437960 -7.7926221
f 196/861/196 118/863/118 197/864/197
vt -0.0000000 -7.6681509
f 197/864/197 118/863/118 145/865/145
vt -1.8231480 -6.2340980
f 197/864/197 145/865/145 198/866/198
vt -0.0000000 -6.1345210
f 198/866/198 145/865/145 144/867/144
vt -1.4324390 -4.6755729
f 198/866/198 144/867/144 199/868/199
vt -0.0000000 -4.6008902
f 199/868/199 144/867/144 143/869/143
vt -0.9866810 -3.1170490
f 199/868/199 143/869/143 200/870/200
vt -0.0000000 -3.0672600
f 200/870/200 143/869/143 142/871/142
vt -0.5030060 -1.5585240
f 200/870/200 142/871/142 201/872/201
vt -0.0000000 -1.5336300
f 201/872/201 142/871/142 141/873/141
f 201/872/201 141/873/141 140/29/140
vt -2.1437960 -17.1437683
f 192/854/192 191/874/191 133/852/133
vt -0.0000000 -17.2682419
f 133/852/133 191/874/191 134/875/134
vt -1.8231480 -18.7022934
f 134/875/134 191/874/191 190/876/190
vt -0.0000000 -18.8018703
f 134/875/134 190/876/190 135/877/135
vt -1.4324390 -20.2608185
f 135/877/135 190/876/190 189/878/189
vt -0.0000000 -20.3355007
f 135/877/135 189/878/189 136/879/136
vt -0.9866810 -21.8193436
f 136/879/136 189/878/189 188/880/188
vt -0.0000000 -21.8691311
f 136/879/136 188/880/188 137/881/137
vt -0.5030060 -23.3778667
f 137/881/137 188/880/188 187/882/187
vt -0.0000000 -23.4027615
f 137/881/137 187/882/187 138/883/138
vt -0.0000000 -24.9363918
f 138/883/138 187/882/187 139/884/139
vt 0.3175000 2.2858360
f 484/7/484 530/885/530 483/5/483
vt 0.3175000 2.4936390
f 483/5/483 530/885/530 507/886/507
vt 0.3175000 -2.4936390
f 483/3/483 507/887/507 506/1/506
vt 0.3175000 -2.2858360
f 506/1/506 507/887/507 508/888/508
f 506/1/506 508/888/508 505/49/505
vt 0.3175000 -2.0780330
f 505/49/505 508/888/508 509/889/509
f 505/49/505 509/889/509 504/47/504
vt 0.3175000 -1.8702290
f 504/47/504 509/889/509 510/890/510
f 504/47/504 510/890/510 503/45/503
vt 0.3175000 -1.6624260
f 503/45/503 510/890/510 511/891/511
f 503/45/503 511/891/511 502/43/502
vt 0.3175000 -1.4546230
f 502/43/502 511/891/511 512/892/512
f 502/43/502 512/892/512 501/41/501
vt 0.3175000 -1.2468200
f 501/41/501 512/892/512 513/893/513
f 501/41/501 513/893/513 500/39/500
vt 0.3175000 -1.0390160
f 500/39/500 513/893/513 514/894/514
f 500/39/500 514/894/514 499/37/499
vt 0.3175000 -0.8312130
f 499/37/499 514/894/514 515/895/515
f 499/37/499 515/895/515 498/35/498
vt 0.3175000 -0.6234100
f 498/35/498 515/895/515 516/896/516
f 498/35/498 516/896/516 497/33/497
vt 0.3175000 -0.4156070
f 497/33/497 516/896/516 517/897/517
f 497/33/497 517/897/517 496/31/496
vt 0.3175000 -0.2078030
f 496/31/496 517/897/517 518/898/518
f 496/31/496 518/898/518 495/29/495
f 495/29/495 518/898/518 519/191/519
f 495/29/495 519/191/519 494/27/494
vt 0.3175000 0.2078030
f 494/27/494 519/191/519 520/899/520
f 494/27/494 520/899/520 493/25/493
vt 0.3175000 0.4156070
f 493/25/493 520/899/520 521/900/521
f 493/25/493 521/900/521 492/23/492
vt 0.3175000 0.6234100
f 492/23/492 521/900/521 522/901/522
f 492/23/492 522/901/522 491/21/491
vt 0.3175000 0.8312130
f 491/21/491 522/901/522 523/902/523
f 491/21/491 523/902/523 490/19/490
vt 0.3175000 1.0390160
f 490/19/490 523/902/523 524/903/524
f 490/19/490 524/903/524 489/17/489
vt 0.3175000 1.2468200
f 489/17/489 524/903/524 525/904/525
f 489/17/489 525/904/525 488/15/488
vt 0.3175000 1.4546230
f 488/15/488 525/904/525 526/905/526
f 488/15/488 526/905/526 487/13/487
vt 0.3175000 1.6624260
f 487/13/487 526/905/526 527/906/527
f 487/13/487 527/906/527 486/11/486
vt 0.3175000 1.8702290
f 486/11/486 527/906/527 528/907/528
f 486/11/486 528/907/528 485/9/485
vt 0.3175000 2.0780330
f 485/9/485 528/907/528 529/908/529
f 485/9/485 529/908/529 484/7/484
f 484/7/484 529/908/529 530/885/530
f 532/7/532 578/885/578 531/5/531
f 531/5/531 578/885/578 555/886/555
f 531/3/531 555/887/555 554/1/554
f 554/1/554 555/887/555 556/888/556
f 554/1/554 556/888/556 553/49/553
f 553/49/553 556/888/556 557/889/557
f 553/49/553 557/889/557 552/47/552
f 552/47/552 557/889/557 558/890/558
f 552/47/552 558/890/558 551/45/551
f 551/45/551 558/890/558 559/891/559
f 551/45/551 559/891/559 550/43/550
f 550/43/550 559/891/559 560/892/560
f 550/43/550 560/892/560 549/41/549
f 549/41/549 560/892/560 561/893/561
f 549/41/549 561/893/561 548/39/548
f 548/39/548 561/893/561 562/894/562
f 548/39/548 562/894/562 547/37/547
f 547/37/547 562/894/562 563/895/563
f 547/37/547 563/895/563 546/35/546
f 546/35/546 563/895/563 564/896/564
f 546/35/546 564/896/564 545/33/545
f 545/33/545 564/896/564 565/897/565
f 545/33/545 565/897/565 544/31/544
f 544/31/544 565/897/565 566/898/566
f 544/31/544 566/898/566 543/29/543
f 543/29/543 566/898/566 567/191/567
f 543/29/543 567/191/567 542/27/542
f 542/27/542 567/191/567 568/899/568
f 542/27/542 568/899/568 541/25/541
f 541/25/541 568/899/568 569/900/569
f 541/25/541 569/900/569 540/23/540
f 540/23/540 569/900/569 570/901/570
f 540/23/540 570/901/570 539/21/539
f 539/21/539 570/901/570 571/902/571
f 539/21/539 571/902/571 538/19/538
f 538/19/538 571/902/571 572/903/572
f 538/19/538 572/903/572 537/17/537
f 537/17/537 572/903/572 573/904/573
f 537/17/537 573/904/573 536/15/536
f 536/15/536 573/904/573 574/905/574
f 536/15/536 574/905/574 535/13/535
f 535/13/535 574/905/574 575/906/575
f 535/13/535 575/906/575 534/11/534
f 534/11/534 575/906/575 576/907/576
f 534/11/534 576/907/576 533/9/533
f 533/9/533 576/907/576 577/908/577
f 533/9/533 577/908/577 532/7/532
f 532/7/532 577/908/577 578/885/578
vt -0.5523270 -0.0000000
vt -0.5523270 2.5400000
f 579/909/579 580/29/580 582/910/582
vt 0.0000000 2.5400000
f 582/910/582 580/29/580 581/911/581
vt -0.3880160 0.0000000
vt -0.3880160 2.5400000
f 583/912/583 584/29/584 586/913/586
f 586/913/586 584/29/584 585/911/585
vt 8.9331799 -0.0000000
vt 0.4519500 0.3175000
f 581/29/581 586/914/586 582/915/582
vt 8.7101326 0.3175000
f 582/915/582 586/914/586 585/916/585
vt 8.4812298 0.3175000
f 580/914/580 579/917/579 583/29/583
vt 0.2230470 0.3175000
f 583/29/583 579/917/579 584/918/584
vt -0.2054380 1.5713660
vt -0.2054380 -1.3402261
vt -0.0000000 1.5443200
f 530/919/530 568/920/568 507/921/507
vt -0.0000000 -1.3131800
f 507/921/507 568/920/568 567/922/567
vt 0.2054380 -1.3402261
f 507/921/507 567/922/567 566/923/566
vt -0.3968750 -1.4195220
f 568/920/568 530/919/530 569/924/569
vt -0.3968750 1.6506619
f 569/924/569 530/919/530 529/925/529
vt -0.5612660 -1.5456640
f 569/924/569 529/925/529 570/926/570
vt -0.5612660 1.7768040
f 570/926/570 529/925/529 528/927/528
vt -0.6874080 -1.7100550
f 570/926/570 528/927/528 571/928/571
vt -0.6874080 1.9411950
f 571/928/571 528/927/528 527/929/527
vt -0.7667040 -1.9014920
f 571/928/571 527/929/527 572/930/572
vt -0.7667040 2.1326320
f 572/930/572 527/929/527 526/931/526
vt -1.2700000 4.2435431
f 572/930/572 526/931/526 584/932/584
vt -0.7937500 2.3380699
f 584/932/584 526/931/526 525/933/525
vt -0.7667040 2.5435081
f 584/932/584 525/933/525 524/934/524
vt -0.6874080 2.7349451
f 524/934/524 523/935/523 584/932/584
vt -0.5612660 2.8993361
f 584/932/584 523/935/523 522/936/522
vt -0.3968750 3.0254779
f 584/932/584 522/936/522 521/937/521
vt -0.2054380 3.1047740
f 521/937/521 520/938/520 584/932/584
vt -0.0000000 3.1318200
f 584/932/584 520/938/520 519/939/519
vt 1.2700000 4.2435431
f 584/932/584 519/939/519 585/940/585
vt 0.2054380 3.1047740
f 585/940/585 519/939/519 518/941/518
vt 0.3968750 3.0254779
f 585/940/585 518/941/518 517/942/517
vt 0.5612660 2.8993361
f 517/942/517 516/943/516 585/940/585
vt 0.6874080 2.7349451
f 585/940/585 516/943/516 515/944/515
vt 0.7667040 2.5435081
f 585/940/585 515/944/515 514/945/514
vt 0.7937500 2.3380699
f 514/945/514 513/946/513 585/940/585
vt 0.7667040 2.1326320
f 585/940/585 513/946/513 512/947/512
vt 0.7667040 -1.9014920
f 585/940/585 512/947/512 562/948/562
vt 0.6874080 1.9411950
f 562/948/562 512/947/512 511/949/511
vt 0.6874080 -1.7100550
f 562/948/562 511/949/511 563/950/563
vt 0.5612660 1.7768040
f 563/950/563 511/949/511 510/951/510
vt 0.5612660 -1.5456640
f 563/950/563 510/951/510 564/952/564
vt 0.3968750 1.6506619
f 564/952/564 510/951/510 509/953/509
vt 0.3968750 -1.4195220
f 564/952/564 509/953/509 565/954/565
vt 0.2054380 1.5713660
f 565/954/565 509/953/509 508/955/508
f 565/954/565 508/955/508 566/923/566
f 566/923/566 508/955/508 507/921/507
vt -0.2054380 -2.8736341
vt -1.2700000 -4.0146399
vt -0.0000000 -2.9006801
f 578/956/578 579/957/579 555/958/555
vt 1.2700000 -4.0146399
f 555/958/555 579/957/579 582/959/582
vt 0.2054380 -2.8736341
f 555/958/555 582/959/582 556/960/556
vt 0.3968750 -2.7943380
f 556/960/556 582/959/582 557/961/557
vt 0.5612660 -2.6681960
f 557/961/557 582/959/582 558/962/558
vt 0.6874080 -2.5038049
f 558/962/558 582/959/582 559/963/559
vt 0.7667040 -2.3123679
f 559/963/559 582/959/582 560/964/560
vt 0.7937500 -2.1069300
f 560/964/560 582/959/582 561/965/561
f 561/965/561 582/959/582 562/948/562
f 562/948/562 582/959/582 585/940/585
vt -0.3968750 -2.7943380
f 578/956/578 577/966/577 579/957/579
vt -0.5612660 -2.6681960
f 579/957/579 577/966/577 576/967/576
vt -0.6874080 -2.5038049
f 579/957/579 576/967/576 575/968/575
vt -0.7667040 -2.3123679
f 575/968/575 574/969/574 579/957/579
vt -0.7937500 -2.1069300
f 579/957/579 574/969/574 573/970/573
f 579/957/579 573/970/573 572/930/572
f 584/932/584 579/957/579 572/930/572
vt -1.5713660 -0.2054380
vt 1.3402261 -0.2054380
vt -1.5443200 -0.0000000
f 506/971/506 544/972/544 483/973/483
vt 1.3131800 0.0000000
f 483/973/483 544/972/544 543/974/543
vt -1.5713660 0.2054380
f 483/973/483 543/974/543 484/975/484
vt 1.3402261 0.2054380
f 484/975/484 543/974/543 542/976/542
vt -1.6506619 0.3968750
f 484/975/484 542/976/542 485/977/485
vt 1.4195220 0.3968750
f 485/977/485 542/976/542 541/978/541
vt -1.7768040 0.5612660
f 485/977/485 541/978/541 486/979/486
vt 1.5456640 0.5612660
f 486/979/486 541/978/541 540/980/540
vt -1.9411950 0.6874080
f 486/979/486 540/980/540 487/981/487
vt 1.7100550 0.6874080
f 487/981/487 540/980/540 539/982/539
vt -2.1326320 0.7667040
f 487/981/487 539/982/539 488/983/488
vt 1.9014920 0.7667040
f 488/983/488 539/982/539 538/984/538
vt -2.3380699 0.7937500
f 488/983/488 538/984/538 489/985/489
vt 2.1069300 0.7937500
f 489/985/489 538/984/538 537/986/537
vt -4.4665899 1.2700000
f 489/985/489 537/986/537 583/987/583
vt 4.4665899 1.2700000
f 583/987/583 537/986/537 580/988/580
vt 2.3123679 0.7667040
f 580/988/580 537/986/537 536/989/536
vt 2.5038049 0.6874080
f 580/988/580 536/989/536 535/990/535
vt 1.4195220 -0.3968750
f 544/972/544 506/971/506 545/991/545
vt -1.6506619 -0.3968750
f 545/991/545 506/971/506 505/992/505
vt 1.5456640 -0.5612660
f 545/991/545 505/992/505 546/993/546
vt -1.7768040 -0.5612660
f 546/993/546 505/992/505 504/994/504
vt 1.7100550 -0.6874080
f 546/993/546 504/994/504 547/995/547
vt -1.9411950 -0.6874080
f 547/995/547 504/994/504 503/996/503
vt 1.9014920 -0.7667040
f 547/995/547 503/996/503 548/997/548
vt -2.1326320 -0.7667040
f 548/997/548 503/996/503 502/998/502
vt 2.1069300 -0.7937500
f 548/997/548 502/998/502 549/999/549
vt -2.3380699 -0.7937500
f 549/999/549 502/998/502 501/1000/501
vt -4.4665899 -1.2700000
f 549/999/549 501/1000/501 586/1001/586
vt -2.5435081 -0.7667040
f 586/1001/586 501/1000/501 500/1002/500
vt -2.7349451 -0.6874080
f 586/1001/586 500/1002/500 499/1003/499
vt -2.8993361 -0.5612660
f 499/1003/499 498/1004/498 586/1001/586
vt -3.0254779 -0.3968750
f 586/1001/586 498/1004/498 497/1005/497
vt -3.1047740 -0.2054380
f 586/1001/586 497/1005/497 496/1006/496
vt -3.1318200 0.0000000
f 496/1006/496 495/1007/495 586/1001/586
f 586/1001/586 495/1007/495 583/987/583
vt -3.1047740 0.2054380
f 583/987/583 495/1007/495 494/1008/494
vt -3.0254779 0.3968750
f 583/987/583 494/1008/494 493/1009/493
vt -2.8993361 0.5612660
f 493/1009/493 492/1010/492 583/987/583
vt -2.7349451 0.6874080
f 583/987/583 492/1010/492 491/1011/491
vt -2.5435081 0.7667040
f 583/987/583 491/1011/491 490/1012/490
f 490/1012/490 489/985/489 583/987/583
vt 2.8736341 -0.2054380
vt 4.4665899 -1.2700000
vt 2.9006801 0.0000000
f 554/1013/554 581/1014/581 531/1015/531
f 531/1015/531 581/1014/581 580/988/580
vt 2.8736341 0.2054380
f 531/1015/531 580/988/580 532/1016/532
vt 2.7943380 0.3968750
f 532/1016/532 580/988/580 533/1017/533
vt 2.6681960 0.5612660
f 533/1017/533 580/988/580 534/1018/534
f 534/1018/534 580/988/580 535/990/535
vt 2.7943380 -0.3968750
f 554/1013/554 553/1019/553 581/1014/581
vt 2.6681960 -0.5612660
f 581/1014/581 553/1019/553 552/1020/552
vt 2.5038049 -0.6874080
f 581/1014/581 552/1020/552 551/1021/551
vt 2.3123679 -0.7667040
f 551/1021/551 550/1022/550 581/1014/581
f 581/1014/581 550/1022/550 549/999/549
f 581/1014/581 549/999/549 586/1001/586
vt 3.2789240 0.7937500
vt -3.2789240 0.7937500
vt 3.2789240 -0.7937500
f 588/1023/588 589/1024/589 587/1025/587
vt -3.2789240 -0.7937500
f 587/1025/587 589/1024/589 590/1026/590
vt 9.4637604 8.8997068
vt 9.4637604 9.7462597
vt -9.4637604 9.3305302
f 619/1027/619 588/1028/588 596/1029/596
vt 7.8762598 9.7462597
f 596/1029/596 588/1028/588 587/1030/587
vt -9.4637604 10.1787596
f 596/1029/596 587/1030/587 595/1031/595
vt 7.8762598 10.1731701
f 595/1031/595 587/1030/587 591/1032/591
vt 7.8762598 10.6000795
f 595/1031/595 591/1032/591 592/1033/592
vt 7.8762598 11.0269899
vt -9.4637604 11.0269899
f 593/1034/593 594/1035/594 592/1033/592
f 592/1033/592 594/1035/594 595/1031/595
vt -9.4637604 8.4822998
f 596/1029/596 597/1036/597 619/1027/619
vt 9.4637604 8.0531540
f 619/1027/619 597/1036/597 618/1037/618
vt -9.4637604 7.6340699
f 618/1037/618 597/1036/597 598/1038/598
vt 9.4637604 7.2066011
f 618/1037/618 598/1038/598 617/1039/617
vt -9.4637604 6.7858400
f 617/1039/617 598/1038/598 599/1040/599
vt 9.4637604 6.3600478
f 617/1039/617 599/1040/599 616/1041/616
vt -9.4637604 5.9376101
f 616/1041/616 599/1040/599 600/1042/600
vt 9.4637604 5.5134950
f 616/1041/616 600/1042/600 615/1043/615
vt -9.4637604 5.0893798
f 615/1043/615 600/1042/600 601/1044/601
vt 9.4637604 4.6669421
f 615/1043/615 601/1044/601 614/1045/614
vt -9.4637604 4.2411499
f 614/1045/614 601/1044/601 602/1046/602
vt 9.4637604 3.8203890
f 614/1045/614 602/1046/602 613/1047/613
vt -9.4637604 3.3929200
f 613/1047/613 602/1046/602 603/1048/603
vt 9.4637604 2.9738359
f 613/1047/613 603/1048/603 612/1049/612
vt -9.4637604 2.5446899
f 612/1049/612 603/1048/603 604/1050/604
vt 9.4637604 2.1272831
f 612/1049/612 604/1050/604 611/1051/611
vt -9.4637604 1.6964600
f 611/1051/611 604/1050/604 605/1052/605
vt 9.4637604 1.2807300
f 611/1051/611 605/1052/605 589/1053/589
vt 7.8762598 1.2807300
f 589/1053/589 605/1052/605 590/1054/590
vt -9.4637604 0.8482300
f 590/1054/590 605/1052/605 606/1055/606
vt 7.8762598 0.8538200
f 590/1054/590 606/1055/606 610/1056/610
vt 7.8762598 0.4269100
f 610/1056/610 606/1055/606 609/1057/609
vt -9.4637604 0.0000000
f 609/1057/609 606/1055/606 607/1058/607
vt 7.8762598 0.0000000
f 609/1057/609 607/1058/607 608/1059/608
f 621/1026/621 622/1025/622 620/1024/620
f 620/1024/620 622/1025/622 623/1023/623
f 624/1059/624 625/1057/625 652/1058/652
f 652/1058/652 625/1057/625 651/1055/651
f 651/1055/651 625/1057/625 626/1056/626
f 651/1055/651 626/1056/626 621/1054/621
f 651/1055/651 621/1054/621 650/1052/650
f 650/1052/650 621/1054/621 620/1053/620
f 650/1052/650 620/1053/620 627/1051/627
f 650/1052/650 627/1051/627 649/1050/649
f 649/1050/649 627/1051/627 628/1049/628
f 649/1050/649 628/1049/628 648/1048/648
f 648/1048/648 628/1049/628 629/1047/629
f 648/1048/648 629/1047/629 647/1046/647
f 647/1046/647 629/1047/629 630/1045/630
f 647/1046/647 630/1045/630 646/1044/646
f 646/1044/646 630/1045/630 631/1043/631
f 646/1044/646 631/1043/631 645/1042/645
f 645/1042/645 631/1043/631 632/1041/632
f 645/1042/645 632/1041/632 644/1040/644
f 644/1040/644 632/1041/632 633/1039/633
f 644/1040/644 633/1039/633 643/1038/643
f 643/1038/643 633/1039/633 634/1037/634
f 643/1038/643 634/1037/634 642/1036/642
f 642/1036/642 634/1037/634 635/1027/635
f 642/1036/642 635/1027/635 641/1029/641
f 641/1029/641 635/1027/635 623/1028/623
f 641/1029/641 623/1028/623 622/1030/622
f 641/1029/641 622/1030/622 640/1031/640
f 640/1031/640 622/1030/622 636/1032/636
f 640/1031/640 636/1032/636 637/1033/637
f 638/1034/638 639/1035/639 637/1033/637
f 637/1033/637 639/1035/639 640/1031/640
vt -3.2789240 -7.6025000
vt 1.4287500 -7.7787499
vt 3.2789240 -7.6025000
f 623/1060/623 653/1061/653 620/1062/620
vt 1.6341881 -7.8057961
f 620/1062/620 653/1061/653 654/1063/654
vt 1.8256249 -7.8850918
f 620/1062/620 654/1063/654 655/1064/655
vt -2.8848569 -8.3494244
vt -1.9900160 -8.0112343
f 635/1065/635 698/1066/698 623/1060/623
vt -1.8256249 -7.8850918
f 623/1060/623 698/1066/698 699/1067/699
vt -1.6341881 -7.8057961
f 623/1060/623 699/1067/699 700/1068/700
vt -2.3237920 -8.9806061
vt -2.1954539 -8.7779379
f 634/1069/634 694/1070/694 635/1065/635
vt -2.2225001 -8.5725002
f 635/1065/635 694/1070/694 695/1071/695
vt -2.1954539 -8.3670616
f 635/1065/635 695/1071/695 696/1072/696
vt -1.6282080 -9.4595079
vt -1.8256249 -9.2599077
f 633/1073/633 691/1074/691 634/1069/634
vt -1.9900160 -9.1337662
f 634/1069/634 691/1074/691 692/1075/692
vt -2.1161580 -8.9693747
f 634/1069/634 692/1075/692 693/1076/693
vt -0.8383700 -9.7584066
vt -1.2233120 -9.3392038
f 632/1077/632 688/1078/688 633/1073/633
vt -1.4287500 -9.3662500
f 633/1073/633 688/1078/688 689/1079/689
vt -1.6341881 -9.3392038
f 633/1073/633 689/1079/689 690/1080/690
vt -1.0318750 -9.2599077
f 688/1078/688 632/1077/632 687/1081/687
vt -0.0000000 -9.8599997
f 687/1081/687 632/1077/632 631/1082/631
vt 0.8383700 -9.7584066
f 687/1081/687 631/1082/631 630/1083/630
vt 1.6282080 -9.4595079
vt 1.2233120 -9.3392038
f 629/1084/629 666/1085/666 630/1083/630
vt 1.0318750 -9.2599077
f 630/1083/630 666/1085/666 667/1086/667
f 630/1083/630 667/1086/667 687/1081/687
vt -0.8674840 -9.1337662
f 687/1081/687 667/1086/667 686/1087/686
vt 0.8674840 -9.1337662
f 686/1087/686 667/1086/667 668/1088/668
vt -0.7413420 -8.9693747
f 686/1087/686 668/1088/668 685/1089/685
vt 0.7413420 -8.9693747
f 685/1089/685 668/1088/668 669/1090/669
vt -0.6620460 -8.7779379
f 685/1089/685 669/1090/669 684/1091/684
vt 0.6620460 -8.7779379
f 684/1091/684 669/1090/669 670/1092/670
vt -0.6350000 -8.5725002
f 684/1091/684 670/1092/670 683/1093/683
vt 0.6350000 -8.5725002
f 683/1093/683 670/1092/670 671/1094/671
vt -0.6620460 -8.3670616
f 683/1093/683 671/1094/671 682/1095/682
vt 0.6620460 -8.3670616
f 682/1095/682 671/1094/671 672/1096/672
vt -0.7413420 -8.1756248
f 682/1095/682 672/1096/672 681/1097/681
vt 0.7413420 -8.1756248
f 681/1097/681 672/1096/672 673/1098/673
vt -0.8674840 -8.0112343
f 681/1097/681 673/1098/673 680/1099/680
vt 0.8674840 -8.0112343
f 680/1099/680 673/1098/673 674/1100/674
vt -1.0318750 -7.8850918
f 680/1099/680 674/1100/674 679/1101/679
vt 1.0318750 -7.8850918
f 679/1101/679 674/1100/674 675/1102/675
vt -1.2233120 -7.8057961
f 679/1101/679 675/1102/675 678/1103/678
vt 1.2233120 -7.8057961
f 678/1103/678 675/1102/675 676/1104/676
vt -1.4287500 -7.7787499
f 678/1103/678 676/1104/676 677/1105/677
f 677/1105/677 676/1104/676 653/1061/653
f 677/1105/677 653/1061/653 623/1060/623
vt 2.3237920 -8.9806061
vt 1.8256249 -9.2599077
f 628/1106/628 663/1107/663 629/1084/629
vt 1.6341881 -9.3392038
f 629/1084/629 663/1107/663 664/1108/664
vt 1.4287500 -9.3662500
f 629/1084/629 664/1108/664 665/1109/665
vt 2.8848569 -8.3494244
vt 2.1954539 -8.7779379
f 627/1110/627 660/1111/660 628/1106/628
vt 2.1161580 -8.9693747
f 628/1106/628 660/1111/660 661/1112/661
vt 1.9900160 -9.1337662
f 628/1106/628 661/1112/661 662/1113/662
vt 1.9900160 -8.0112343
f 620/1062/620 656/1114/656 627/1110/627
vt 2.1161580 -8.1756248
f 627/1110/627 656/1114/656 657/1115/657
vt 2.1954539 -8.3670616
f 627/1110/627 657/1115/657 658/1116/658
f 655/1064/655 656/1114/656 620/1062/620
vt 2.2225001 -8.5725002
f 658/1116/658 659/1117/659 627/1110/627
f 627/1110/627 659/1117/659 660/1111/660
f 662/1113/662 663/1107/663 628/1106/628
f 665/1109/665 666/1085/666 629/1084/629
f 690/1080/690 691/1074/691 633/1073/633
f 693/1076/693 694/1070/694 634/1069/634
vt -2.1161580 -8.1756248
f 696/1072/696 697/1118/697 635/1065/635
f 635/1065/635 697/1118/697 698/1066/698
f 700/1068/700 677/1105/677 623/1060/623
vt 4.0936918 2.2858360
vt 4.3936920 2.2858360
vt 4.0936918 2.4936390
f 700/1119/700 724/1120/724 677/1121/677
vt 4.3936920 2.4936390
f 677/1121/677 724/1120/724 701/1122/701
vt 4.0936918 -2.4936390
vt 4.3936920 -2.4936390
vt 4.0936918 -2.2858360
f 677/1123/677 701/1124/701 678/1125/678
vt 4.3936920 -2.2858360
f 678/1125/678 701/1124/701 702/1126/702
vt 4.0936918 -2.0780330
f 678/1125/678 702/1126/702 679/1127/679
vt 4.3936920 -2.0780330
f 679/1127/679 702/1126/702 703/1128/703
vt 4.0936918 -1.8702290
f 679/1127/679 703/1128/703 680/1129/680
vt 4.3936920 -1.8702290
f 680/1129/680 703/1128/703 704/1130/704
vt 4.0936918 -1.6624260
f 680/1129/680 704/1130/704 681/1131/681
vt 4.3936920 -1.6624260
f 681/1131/681 704/1130/704 705/1132/705
vt 4.0936918 -1.4546230
f 681/1131/681 705/1132/705 682/1133/682
vt 4.3936920 -1.4546230
f 682/1133/682 705/1132/705 706/1134/706
vt 4.0936918 -1.2468200
f 682/1133/682 706/1134/706 683/1135/683
vt 4.3936920 -1.2468200
f 683/1135/683 706/1134/706 707/1136/707
vt 4.0936918 -1.0390160
f 683/1135/683 707/1136/707 684/1137/684
vt 4.3936920 -1.0390160
f 684/1137/684 707/1136/707 708/1138/708
vt 4.0936918 -0.8312130
f 684/1137/684 708/1138/708 685/1139/685
vt 4.3936920 -0.8312130
f 685/1139/685 708/1138/708 709/1140/709
vt 4.0936918 -0.6234100
f 685/1139/685 709/1140/709 686/1141/686
vt 4.3936920 -0.6234100
f 686/1141/686 709/1140/709 710/1142/710
vt 4.0936918 -0.4156070
f 686/1141/686 710/1142/710 687/1143/687
vt 4.3936920 -0.4156070
f 687/1143/687 710/1142/710 711/1144/711
vt 4.0936918 -0.2078030
f 687/1143/687 711/1144/711 688/1145/688
vt 4.3936920 -0.2078030
f 688/1145/688 711/1144/711 712/1146/712
vt 4.0936918 0.0000000
f 688/1145/688 712/1146/712 689/1147/689
vt 4.3936920 0.0000000
f 689/1147/689 712/1146/712 713/1148/713
vt 4.0936918 0.2078030
f 689/1147/689 713/1148/713 690/1149/690
vt 4.3936920 0.2078030
f 690/1149/690 713/1148/713 714/1150/714
vt 4.0936918 0.4156070
f 690/1149/690 714/1150/714 691/1151/691
vt 4.3936920 0.4156070
f 691/1151/691 714/1150/714 715/1152/715
vt 4.0936918 0.6234100
f 691/1151/691 715/1152/715 692/1153/692
vt 4.3936920 0.6234100
f 692/1153/692 715/1152/715 716/1154/716
vt 4.0936918 0.8312130
f 692/1153/692 716/1154/716 693/1155/693
vt 4.3936920 0.8312130
f 693/1155/693 716/1154/716 717/1156/717
vt 4.0936918 1.0390160
f 693/1155/693 717/1156/717 694/1157/694
vt 4.3936920 1.0390160
f 694/1157/694 717/1156/717 718/1158/718
vt 4.0936918 1.2468200
f 694/1157/694 718/1158/718 695/1159/695
vt 4.3936920 1.2468200
f 695/1159/695 718/1158/718 719/1160/719
vt 4.0936918 1.4546230
f 695/1159/695 719/1160/719 696/1161/696
vt 4.3936920 1.4546230
f 696/1161/696 719/1160/719 720/1162/720
vt 4.0936918 1.6624260
f 696/1161/696 720/1162/720 697/1163/697
vt 4.3936920 1.6624260
f 697/1163/697 720/1162/720 721/1164/721
vt 4.0936918 1.8702290
f 697/1163/697 721/1164/721 698/1165/698
vt 4.3936920 1.8702290
f 698/1165/698 721/1164/721 722/1166/722
vt 4.0936918 2.0780330
f 698/1165/698 722/1166/722 699/1167/699
vt 4.3936920 2.0780330
f 699/1167/699 722/1166/722 723/1168/723
f 699/1167/699 723/1168/723 700/1119/700
f 700/1119/700 723/1168/723 724/1120/724
f 676/1119/676 748/1120/748 653/1121/653
f 653/1121/653 748/1120/748 725/1122/725
f 653/1123/653 725/1124/725 654/1125/654
f 654/1125/654 725/1124/725 726/1126/726
f 654/1125/654 726/1126/726 655/1127/655
f 655/1127/655 726/1126/726 727/1128/727
f 655/1127/655 727/1128/727 656/1129/656
f 656/1129/656 727/1128/727 728/1130/728
f 656/1129/656 728/1130/728 657/1131/657
f 657/1131/657 728/1130/728 729/1132/729
f 657/1131/657 729/1132/729 658/1133/658
f 658/1133/658 729/1132/729 730/1134/730
f 658/1133/658 730/1134/730 659/1135/659
f 659/1135/659 730/1134/730 731/1136/731
f 659/1135/659 731/1136/731 660/1137/660
f 660/1137/660 731/1136/731 732/1138/732
f 660/1137/660 732/1138/732 661/1139/661
f 661/1139/661 732/1138/732 733/1140/733
f 661/1139/661 733/1140/733 662/1141/662
f 662/1141/662 733/1140/733 734/1142/734
f 662/1141/662 734/1142/734 663/1143/663
f 663/1143/663 734/1142/734 735/1144/735
f 663/1143/663 735/1144/735 664/1145/664
f 664/1145/664 735/1144/735 736/1146/736
f 664/1145/664 736/1146/736 665/1147/665
f 665/1147/665 736/1146/736 737/1148/737
f 665/1147/665 737/1148/737 666/1149/666
f 666/1149/666 737/1148/737 738/1150/738
f 666/1149/666 738/1150/738 667/1151/667
f 667/1151/667 738/1150/738 739/1152/739
f 667/1151/667 739/1152/739 668/1153/668
f 668/1153/668 739/1152/739 740/1154/740
f 668/1153/668 740/1154/740 669/1155/669
f 669/1155/669 740/1154/740 741/1156/741
f 669/1155/669 741/1156/741 670/1157/670
f 670/1157/670 741/1156/741 742/1158/742
f 670/1157/670 742/1158/742 671/1159/671
f 671/1159/671 742/1158/742 743/1160/743
f 671/1159/671 743/1160/743 672/1161/672
f 672/1161/672 743/1160/743 744/1162/744
f 672/1161/672 744/1162/744 673/1163/673
f 673/1163/673 744/1162/744 745/1164/745
f 673/1163/673 745/1164/745 674/1165/674
f 674/1165/674 745/1164/745 746/1166/746
f 674/1165/674 746/1166/746 675/1167/675
f 675/1167/675 746/1166/746 747/1168/747
f 675/1167/675 747/1168/747 676/1119/676
f 676/1119/676 747/1168/747 748/1120/748
vt 3.5100000 6.3499999
vt 1.9939070 9.2386732
vt 3.5100000 -6.3499999
f 607/1169/607 603/1170/603 639/1171/639
vt 1.2446630 9.6319075
f 639/1171/639 603/1170/603 602/1172/602
vt 1.9939070 -9.2386732
f 639/1171/639 602/1172/602 643/1173/643
vt 1.2446630 -9.6319075
f 643/1173/643 602/1172/602 644/1174/644
vt 0.4230840 9.8344078
f 644/1174/644 602/1172/602 601/1175/601
vt 0.4230840 -9.8344078
f 644/1174/644 601/1175/601 645/1176/645
vt -0.4230840 9.8344078
f 645/1176/645 601/1175/601 600/1177/600
vt -0.4230840 -9.8344078
f 645/1176/645 600/1177/600 646/1178/646
vt -1.2446630 -9.6319075
f 646/1178/646 600/1177/600 647/1179/647
vt -1.2446630 9.6319075
f 647/1179/647 600/1177/600 599/1180/599
vt -1.9939070 -9.2386732
f 647/1179/647 599/1180/599 648/1181/648
vt -3.5100000 -6.3499999
f 648/1181/648 599/1180/599 652/1182/652
vt -2.6272731 -8.6775608
f 648/1181/648 652/1182/652 649/1183/649
vt -3.1079509 -7.9811778
f 649/1183/649 652/1182/652 650/1184/650
vt -3.4080060 -7.1899981
f 650/1184/650 652/1182/652 651/1185/651
vt 3.4080060 7.1899981
vt 3.1079509 7.9811778
f 606/1186/606 605/1187/605 607/1169/607
vt 2.6272731 8.6775608
f 607/1169/607 605/1187/605 604/1188/604
f 607/1169/607 604/1188/604 603/1170/603
vt -1.9939070 9.2386732
f 599/1180/599 598/1189/598 652/1182/652
vt -3.5100000 6.3499999
f 652/1182/652 598/1189/598 594/1190/594
vt -2.6272731 8.6775608
f 594/1190/594 598/1189/598 597/1191/597
vt -3.1079509 7.9811778
f 594/1190/594 597/1191/597 596/1192/596
vt -3.4080060 7.1899981
f 596/1192/596 595/1193/595 594/1190/594
vt 2.6272731 -8.6775608
f 643/1173/643 642/1194/642 639/1171/639
vt 3.1079509 -7.9811778
f 639/1171/639 642/1194/642 641/1195/641
vt 3.4080060 -7.1899981
f 639/1171/639 641/1195/641 640/1196/640
vt 12.6999998 8.1762600
vt 0.0000000 8.1762600
vt 12.6999998 -9.7637596
f 750/1197/750 751/1198/751 749/1199/749
vt 0.0000000 -9.7637596
f 749/1199/749 751/1198/751 752/1200/752
vt -8.1762600 -11.9694681
vt -8.1762600 -12.2903719
vt 9.7637596 -11.9694681
f 754/1201/754 755/1202/755 753/1203/753
vt 9.7637596 -12.8901958
f 753/1203/753 755/1202/755 784/1204/784
vt -8.1762600 -12.6112757
f 784/1204/784 755/1202/755 756/1205/756
vt -8.1762600 -12.9321804
f 784/1204/784 756/1205/756 757/1206/757
vt 9.7637596 -13.8109245
f 784/1204/784 757/1206/757 783/1207/783
vt -9.7637596 -12.9321804
f 783/1207/783 757/1206/757 758/1208/758
vt -9.7637596 -13.8452749
f 783/1207/783 758/1208/758 759/1209/759
vt 9.7637596 -14.7316532
f 783/1207/783 759/1209/759 782/1210/782
vt -9.7637596 -14.7583704
f 782/1210/782 759/1209/759 760/1211/760
vt 9.7637596 -15.6523809
f 782/1210/782 760/1211/760 781/1212/781
vt -9.7637596 -15.6714649
f 781/1212/781 760/1211/760 761/1213/761
vt 9.7637596 -16.5731106
f 781/1212/781 761/1213/761 780/1214/780
vt -9.7637596 -16.5845604
f 780/1214/780 761/1213/761 762/1215/762
vt 9.7637596 -17.4938374
f 780/1214/780 762/1215/762 779/1216/779
vt -9.7637596 -17.4976559
f 779/1216/779 762/1215/762 763/1217/763
vt 9.7637596 -18.4145660
f 779/1216/779 763/1217/763 778/1218/778
vt -9.7637596 -18.4107494
f 778/1218/778 763/1217/763 764/1219/764
vt -9.7637596 -19.3238449
f 778/1218/778 764/1219/764 765/1220/765
vt 9.7637596 -19.3352947
f 778/1218/778 765/1220/765 777/1221/777
vt -9.7637596 -20.2369385
f 777/1221/777 765/1220/765 766/1222/766
vt 9.7637596 -20.2560234
f 777/1221/777 766/1222/766 776/1223/776
vt -9.7637596 -21.1500340
f 776/1223/776 766/1222/766 767/1224/767
vt 9.7637596 -21.1767502
f 776/1223/776 767/1224/767 775/1225/775
vt -9.7637596 -22.0631294
f 775/1225/775 767/1224/767 768/1226/768
vt 9.7637596 -22.0974789
f 775/1225/775 768/1226/768 774/1227/774
vt -8.1762600 -22.9762249
f 774/1227/774 768/1226/768 770/1228/770
vt 9.7637596 -23.0182076
f 774/1227/774 770/1228/770 773/1229/773
vt -8.1762600 -23.2971287
f 773/1229/773 770/1228/770 771/1230/771
vt -8.1762600 -23.6180325
f 773/1229/773 771/1230/771 772/1231/772
vt -9.7637596 -22.9762249
f 768/1226/768 769/1232/769 770/1228/770
vt -8.1762600 -23.9389362
vt 9.7637596 -23.9389362
f 750/1233/750 749/1234/749 772/1231/772
f 772/1231/772 749/1234/749 773/1229/773
vt -12.6999998 -9.4637604
vt 0.0000000 -9.4637604
vt -12.6999998 7.8762598
f 652/1235/652 594/1236/594 624/1237/624
vt 0.0000000 7.8762598
f 624/1237/624 594/1236/594 593/1238/593
vt 3.4066639 -7.1954250
f 626/1239/626 624/1171/624 621/1062/621
f 621/1062/621 624/1171/624 638/1182/638
f 621/1062/621 638/1182/638 622/1060/622
vt -3.4066639 -7.1954250
f 622/1060/622 638/1182/638 636/1240/636
vt -3.4840701 -6.7758579
f 636/1240/636 638/1182/638 637/1241/637
vt 3.4840701 -6.7758579
f 626/1239/626 625/1242/625 624/1171/624
f 638/1182/638 624/1171/624 608/1190/608
f 608/1190/608 624/1171/624 593/1169/593
vt -3.2789240 7.6025000
f 608/1190/608 593/1169/593 590/1243/590
vt 3.2789240 7.6025000
f 590/1243/590 593/1169/593 587/1244/587
vt 3.4066639 7.1954250
f 587/1244/587 593/1169/593 591/1245/591
vt 3.4840701 6.7758579
f 591/1245/591 593/1169/593 592/1246/592
vt -3.4066639 7.1954250
f 590/1243/590 610/1247/610 608/1190/608
vt -3.4840701 6.7758579
f 608/1190/608 610/1247/610 609/1248/609
f 786/1197/786 754/1198/754 785/1199/785
f 785/1199/785 754/1198/754 753/1200/753
f 751/1201/751 787/1202/787 752/1203/752
f 752/1203/752 787/1202/787 816/1204/816
f 816/1204/816 787/1202/787 788/1205/788
f 816/1204/816 788/1205/788 789/1206/789
f 816/1204/816 789/1206/789 815/1207/815
f 815/1207/815 789/1206/789 790/1208/790
f 815/1207/815 790/1208/790 791/1209/791
f 815/1207/815 791/1209/791 814/1210/814
f 814/1210/814 791/1209/791 792/1211/792
f 814/1210/814 792/1211/792 813/1212/813
f 813/1212/813 792/1211/792 793/1213/793
f 813/1212/813 793/1213/793 812/1214/812
f 812/1214/812 793/1213/793 794/1215/794
f 812/1214/812 794/1215/794 811/1216/811
f 811/1216/811 794/1215/794 795/1217/795
f 811/1216/811 795/1217/795 810/1218/810
f 810/1218/810 795/1217/795 796/1219/796
f 810/1218/810 796/1219/796 797/1220/797
f 810/1218/810 797/1220/797 809/1221/809
f 809/1221/809 797/1220/797 798/1222/798
f 809/1221/809 798/1222/798 808/1223/808
f 808/1223/808 798/1222/798 799/1224/799
f 808/1223/808 799/1224/799 807/1225/807
f 807/1225/807 799/1224/799 800/1226/800
f 807/1225/807 800/1226/800 806/1227/806
f 806/1227/806 800/1226/800 802/1228/802
f 806/1227/806 802/1228/802 805/1229/805
f 805/1229/805 802/1228/802 803/1230/803
f 805/1229/805 803/1230/803 804/1231/804
f 800/1226/800 801/1232/801 802/1228/802
f 786/1233/786 785/1234/785 804/1231/804
f 804/1231/804 785/1234/785 805/1229/805
f 607/1235/607 639/1236/639 608/1237/608
f 608/1237/608 639/1236/639 638/1238/638
vt -2.8848569 8.3494244
f 589/1243/589 588/1244/588 611/1249/611
vt 2.8848569 8.3494244
f 611/1249/611 588/1244/588 619/1250/619
vt -2.3237920 8.9806061
f 611/1249/611 619/1250/619 612/1251/612
vt 2.3237920 8.9806061
f 612/1251/612 619/1250/619 618/1252/618
vt -1.6282080 9.4595079
f 612/1251/612 618/1252/618 613/1253/613
vt 1.6282080 9.4595079
f 613/1253/613 618/1252/618 617/1254/617
vt -0.8383700 9.7584066
f 613/1253/613 617/1254/617 614/1255/614
vt 0.8383700 9.7584066
f 614/1255/614 617/1254/617 616/1256/616
vt -0.0000000 9.8599997
f 614/1255/614 616/1256/616 615/1257/615
vt -0.0000000 1.5875000
vt -7.3780332 1.5875000
f 789/1258/789 802/1259/802 790/29/790
vt -7.3780332 0.0000000
f 790/29/790 802/1259/802 801/1260/801
vt -3.7560699 -6.9887772
vt -3.6890171 -7.3024998
vt -3.8099999 -6.3499999
f 803/1261/803 802/1262/802 786/1263/786
vt 3.6890171 -7.3024998
f 786/1263/786 802/1262/802 789/1264/789
vt 3.8099999 -6.3499999
f 786/1263/786 789/1264/789 751/1265/751
vt 3.7560699 -6.9887772
f 751/1265/751 789/1264/789 788/1266/788
vt 3.7964940 -6.6705251
f 751/1265/751 788/1266/788 787/1267/787
vt -3.8099999 6.3499999
f 786/1263/786 751/1265/751 754/1268/754
vt 3.8099999 6.3499999
f 754/1268/754 751/1265/751 750/1269/750
vt -3.6890171 7.3024998
f 754/1268/754 750/1269/750 757/1270/757
vt 3.6890171 7.3024998
f 757/1270/757 750/1269/750 770/1271/770
vt 3.7560699 6.9887772
f 770/1271/770 750/1269/750 771/1272/771
vt 3.7964940 6.6705251
f 771/1272/771 750/1269/750 772/1273/772
vt -3.7560699 6.9887772
f 757/1270/757 756/1274/756 754/1268/754
vt -3.7964940 6.6705251
f 754/1268/754 756/1274/756 755/1275/755
vt -3.7964940 -6.6705251
f 786/1263/786 804/1276/804 803/1261/803
f 757/1258/757 770/1259/770 758/29/758
f 758/29/758 770/1259/770 769/1260/769
vt -3.3574870 8.1509380
f 758/1270/758 769/1271/769 759/1277/759
vt 3.3574870 8.1509380
f 759/1277/759 769/1271/769 768/1278/768
vt -2.8340390 8.8964329
f 759/1277/759 768/1278/768 760/1279/760
vt 2.8340390 8.8964329
f 760/1279/760 768/1278/768 767/1280/767
vt -2.1485939 9.4963703
f 760/1279/760 767/1280/767 761/1281/761
vt 2.1485939 9.4963703
f 761/1281/761 767/1280/767 766/1282/766
vt -1.3403330 9.9164562
f 761/1281/761 766/1282/766 762/1283/762
vt 1.3403330 9.9164562
f 762/1283/762 766/1282/766 765/1284/765
vt -0.4554560 10.1326790
f 762/1283/762 765/1284/765 763/1285/763
vt 0.4554560 10.1326790
f 763/1285/763 765/1284/765 764/1286/764
f 724/1063/724 790/1264/790 701/1061/701
f 701/1061/701 790/1264/790 801/1262/801
f 701/1061/701 801/1262/801 725/1105/725
f 725/1105/725 801/1262/801 726/1068/726
f 726/1068/726 801/1262/801 727/1067/727
vt -3.3574870 -8.1509380
f 727/1067/727 801/1262/801 800/1287/800
f 727/1067/727 800/1287/800 728/1066/728
f 728/1066/728 800/1287/800 729/1118/729
f 729/1118/729 800/1287/800 730/1072/730
f 730/1072/730 800/1287/800 731/1071/731
vt -2.8340390 -8.8964329
f 731/1071/731 800/1287/800 799/1288/799
f 731/1071/731 799/1288/799 732/1070/732
f 732/1070/732 799/1288/799 733/1076/733
f 733/1076/733 799/1288/799 734/1075/734
vt -2.1485939 -9.4963703
f 734/1075/734 799/1288/799 798/1289/798
f 734/1075/734 798/1289/798 735/1074/735
f 735/1074/735 798/1289/798 736/1080/736
f 736/1080/736 798/1289/798 737/1079/737
vt -1.3403330 -9.9164562
f 737/1079/737 798/1289/798 797/1290/797
f 737/1079/737 797/1290/797 738/1078/738
vt -0.4554560 -10.1326790
f 738/1078/738 797/1290/797 796/1291/796
f 738/1078/738 796/1291/796 739/1081/739
vt 0.4554560 -10.1326790
f 739/1081/739 796/1291/796 795/1292/795
f 739/1081/739 795/1292/795 711/1086/711
f 711/1086/711 795/1292/795 712/1085/712
vt 1.3403330 -9.9164562
f 712/1085/712 795/1292/795 794/1293/794
f 712/1085/712 794/1293/794 713/1109/713
vt 2.1485939 -9.4963703
f 713/1109/713 794/1293/794 793/1294/793
f 713/1109/713 793/1294/793 714/1108/714
f 714/1108/714 793/1294/793 715/1107/715
f 715/1107/715 793/1294/793 716/1113/716
vt 2.8340390 -8.8964329
f 716/1113/716 793/1294/793 792/1295/792
f 716/1113/716 792/1295/792 717/1112/717
f 717/1112/717 792/1295/792 718/1111/718
f 718/1111/718 792/1295/792 719/1117/719
vt 3.3574870 -8.1509380
f 719/1117/719 792/1295/792 791/1296/791
f 719/1117/719 791/1296/791 720/1116/720
f 720/1116/720 791/1296/791 721/1115/721
f 721/1115/721 791/1296/791 722/1114/722
f 722/1114/722 791/1296/791 723/1064/723
f 723/1064/723 791/1296/791 790/1264/790
f 723/1064/723 790/1264/790 724/1063/724
f 739/1081/739 711/1086/711 740/1087/740
f 740/1087/740 711/1086/711 710/1088/710
f 740/1087/740 710/1088/710 741/1089/741
f 741/1089/741 710/1088/710 709/1090/709
f 741/1089/741 709/1090/709 742/1091/742
f 742/1091/742 709/1090/709 708/1092/708
f 742/1091/742 708/1092/708 743/1093/743
f 743/1093/743 708/1092/708 707/1094/707
f 743/1093/743 707/1094/707 744/1095/744
f 744/1095/744 707/1094/707 706/1096/706
f 744/1095/744 706/1096/706 745/1097/745
f 745/1097/745 706/1096/706 705/1098/705
f 745/1097/745 705/1098/705 746/1099/746
f 746/1099/746 705/1098/705 704/1100/704
f 746/1099/746 704/1100/704 747/1101/747
f 747/1101/747 704/1100/704 703/1102/703
f 747/1101/747 703/1102/703 748/1103/748
f 748/1103/748 703/1102/703 702/1104/702
f 748/1103/748 702/1104/702 725/1105/725
f 725/1105/725 702/1104/702 701/1061/701
vt -3.6992879 -7.2617931
vt -3.3735869 -8.1205950
f 816/1297/816 815/1298/815 752/1263/752
vt -2.8518260 -8.8764973
f 752/1263/752 815/1298/815 814/1299/814
vt -2.1643269 -9.4855690
f 752/1263/752 814/1299/814 813/1300/813
vt -1.3510450 9.9124117
f 752/1263/752 813/1300/813 777/1301/777
vt -1.3510450 -9.9124117
f 777/1301/777 813/1300/813 812/1302/812
vt -0.4592450 10.1322212
f 777/1301/777 812/1302/812 778/1303/778
vt -0.4592450 -10.1322212
f 778/1303/778 812/1302/812 811/1304/811
vt 0.4592450 -10.1322212
f 778/1303/778 811/1304/811 810/1305/810
vt 0.4592450 10.1322212
f 778/1303/778 810/1305/810 779/1306/779
vt 1.3510450 -9.9124117
f 779/1306/779 810/1305/810 809/1307/809
vt 1.3510450 9.9124117
f 779/1306/779 809/1307/809 780/1308/780
vt 2.1643269 -9.4855690
f 780/1308/780 809/1307/809 808/1309/808
f 780/1308/780 808/1309/808 785/1265/785
vt 2.8518260 -8.8764973
f 785/1265/785 808/1309/808 807/1310/807
vt 3.3735869 -8.1205950
f 785/1265/785 807/1310/807 806/1311/806
vt 3.6992879 -7.2617931
f 806/1311/806 805/1312/805 785/1265/785
vt 2.1643269 9.4855690
f 780/1308/780 785/1265/785 781/1313/781
f 781/1313/781 785/1265/785 753/1269/753
vt 2.8518260 8.8764973
f 781/1313/781 753/1269/753 782/1314/782
vt 3.3735869 8.1205950
f 782/1314/782 753/1269/753 783/1315/783
vt 3.6992879 7.2617931
f 783/1315/783 753/1269/753 784/1316/784
vt -2.1643269 9.4855690
f 777/1301/777 776/1317/776 752/1263/752
f 752/1263/752 776/1317/776 749/1268/749
vt -2.8518260 8.8764973
f 749/1268/749 776/1317/776 775/1318/775
vt -3.3735869 8.1205950
f 749/1268/749 775/1318/775 774/1319/774
vt -3.6992879 7.2617931
f 774/1319/774 773/1320/773 749/1268/749
# 1640 faces, 1320 coords texture

# End of File
